restaurant_name_tc,restaurant_name_en,district_name_tc,district_name_en,district_code,address_tc,address_en,license_id,license_type_code,info_code,expiry_date,latitude,longitude,lastupdate,google_id,rating,price_level,review_count,primary_type,all_types,naming_style_en,naming_style_tc
鴻陞泰國菜,鴻陞泰國菜,九龍城區,Kowloon City,52,九龍城南道6號地下,"G/F, 6 SOUTH WALL ROAD, KOWLOON CITY, KOWLOON",2252301106,RL,,2026-12-30,22.3281395,114.1910377,2025-12-17,ChIJ3VOHrioHBDQR8Kr2BDD7y4c,4.0,3.0,120,thai_restaurant,"['thai_restaurant', 'restaurant', 'food', 'point_of_interest', 'establishment']",Standard,標準
泰發泰國餐廳,TAI FAT RESTAURANT,九龍城區,Kowloon City,52,九龍城城南道8號地下,"G/F, 8 SOUTH WALL ROAD, KOWLOON CITY, KOWLOON",2252260465,RL,#G,2027-03-26,22.3285441,114.1911068,2026-03-17,ChIJcxUYrCoHBDQRuL-2dv1lMj0,3.8,3.0,300,thai_restaurant,"['thai_restaurant', 'restaurant', 'food', 'point_of_interest', 'establishment']",Pun,食字
金蘭花泰國菜館,Golden Orchid Thai Restaurant,九龍城區,Kowloon City,52,九龍龍崗道12號地下,"G/F, 12 LUNG KONG ROAD, KOWLOON CITY, KOWLOON",2252180927,RL,#G#H,2027-03-14,22.328582,114.190534,2026-03-06,ChIJI6GzsCoHBDQRKubAvEG0kqE,3.8,3.0,374,thai_restaurant,"['thai_restaurant', 'restaurant', 'food', 'point_of_interest', 'establishment']",Standard,標準
黃珍珍泰國菜館,WONG CHUN CHUN THAI RESTAURANT,九龍城區,Kowloon City,52,"九龍打鼓嶺道23號 百營中心地庫,地下及1樓","BASEMENT, G/F & 1/F, BELSHINE CENTRE, 23 TAK KU LING ROAD, KOWLOON",2252800126,RL,#G#H,2026-06-22,22.3290985,114.1913935,2025-06-20,ChIJTbjvoCoHBDQR4csfnUCbwLY,3.8,3.0,1070,thai_restaurant,"['thai_restaurant', 'asian_restaurant', 'restaurant', 'food', 'point_of_interest', 'establishment']",Standard,標準
泰仔美食,THAI HOT,九龍城區,Kowloon City,52,九龍南角道30至32號地下,"G/F, 30-32 NAM KOK RD, KOWLOON CITY, KOWLOON",2252080007,RL,#G,2026-06-30,22.3290813,114.1900554,2025-06-25,ChIJf3xbxyoHBDQR4ADh7aOxQSU,4.0,3.0,689,thai_restaurant,"['thai_restaurant', 'restaurant', 'food', 'point_of_interest', 'establishment']",Standard,標準
永珍泰國燒烤食館,永珍泰國燒烤食館,九龍城區,Kowloon City,52,九龍獅子石道12號地下 及14號地下主要部份,"12 (G/F), 14 (G/F)(MAJOR PORTION), LION ROCK ROAD, KOWLOON CITY, KOWLOON",2252061293,RL,,2026-06-30,22.3280531,114.1882891,2025-06-16,ChIJyd0i1NQABDQR4KUB_q5ydaY,3.6,3.0,432,vietnamese_restaurant,"['vietnamese_restaurant', 'restaurant', 'food', 'point_of_interest', 'establishment']",Standard,標準
亞潘泰國菜,AMPORN THAI FOOD,葵青區,Kwai Tsing,91,新界葵涌和宜合道5-27號 寶星中心地下6號鋪,"SHOP NO. 6, G/F, PO SING CENTRE, 5-27 WO YI HOP ROAD, KWAI CHUNG, NEW TERRITORIES",3191000491,RR,,2027-03-05,22.3658622,114.1364321,2026-03-10,ChIJt4skvpv4AzQRSd5fPLbGGic,4.0,0.0,63,thai_restaurant,"['thai_restaurant', 'restaurant', 'food', 'point_of_interest', 'establishment']",Standard,標準
泰旺泰國小菜,泰旺泰國小菜,葵青區,Kwai Tsing,91,新界葵涌 禾塘咀街127號地下,"G/F, 127 WO TONG TSUI STREET, KWAI CHUNG, NEW TERRITORIES",2291000518,RL,,2026-06-30,22.367511,114.132836,2025-06-30,ChIJi4xFY5r4AzQR9D5Qm0D6NfY,3.5,0.0,100,restaurant,"['restaurant', 'food', 'point_of_interest', 'establishment']",Pun,食字
Khao Tip Thai,Khao Tip Thai,離島區,Islands,17,新界大嶼山東涌下嶺皮村10號地下,"G/F., 10 HA LING PEI VILLAGE, TUNG CHUNG, LANTAU ISLAND, NEW TERRITORIES",2217001519,RL,,2026-07-18,22.2786265,113.9358126,2025-07-22,ChIJBWDYBApYATQRPQsRiImlJEs,3.8,3.0,275,thai_restaurant,"['thai_restaurant', 'restaurant', 'food', 'point_of_interest', 'establishment']",English,英文
泰象館,THAI CHANG HOUSE,九龍城區,Kowloon City,52,九龍城南道48號地下,"G/F, 48 SOUTH WALL ROAD, KOWLOON CITY, KOWLOON",2252170625,RL,#G,2026-07-13,22.3296529,114.1911017,2025-06-27,ChIJW59jmSoHBDQRQbwnKSIJwWk,4.0,3.0,412,thai_restaurant,"['thai_restaurant', 'restaurant', 'food', 'point_of_interest', 'establishment']",Standard,標準
泰金國,DAOKAEW,九龍城區,Kowloon City,52,九龍九龍城侯王道9號地下,"G/F, 9 HAU WONG ROAD, KOWLOON CITY, KOWLOON",2252079003,RL,#G,2026-06-30,22.3280021,114.1885406,2025-05-28,ChIJEd5JWdUGBDQRZexjQEVAMRU,3.8,0.0,552,thai_restaurant,"['thai_restaurant', 'restaurant', 'food', 'point_of_interest', 'establishment']",Standard,標準
隆姐泰國美食館,隆姐泰國美食館,九龍城區,Kowloon City,52,九龍衙前塱道2號A至2號B地下,"G/F, 2A-2B NGA TSIN LONG ROAD, KOWLOON CITY, KOWLOON",2252077335,RL,#G,2026-06-30,22.3277735,114.1893335,2025-05-19,ChIJPwvDySoHBDQRFfIio2MZoyQ,3.8,3.0,704,thai_restaurant,"['thai_restaurant', 'restaurant', 'food', 'point_of_interest', 'establishment']",Standard,標準
泰意廚,Thai idea kitchen,九龍城區,Kowloon City,52,九龍土瓜灣馬頭圍道23至35號隆基大廈地下29H舖,"NO. 29H, G/F, LOONG KING MANSION, 23-35 MA TAU WAI ROAD, TOKWAWAN, KOWLOON CITY, KOWLOON",3152301867,RR,,2027-01-17,22.3092835,114.1878637,2026-02-12,ChIJcbDNTQABBDQRXUYCMdEYuIY,4.3,0.0,3,thai_restaurant,"['thai_restaurant', 'restaurant', 'food', 'point_of_interest', 'establishment']",Standard,標準
小曼谷泰國美食,小曼谷泰國美食,九龍城區,Kowloon City,52,九龍城南角道9號南成樓地下,"G/F, NAM SHING BLDG., 9 NAM KOK RD., KOWLOON CITY, KOWLOON",2252248582,RL,#G,2027-03-29,22.3282857,114.1896587,2026-03-10,ChIJzykSyioHBDQRkPh0zufV6hk,3.8,3.0,654,thai_restaurant,"['thai_restaurant', 'restaurant', 'food', 'point_of_interest', 'establishment']",Standard,標準
銀山泰菜,銀山泰菜,九龍城區,Kowloon City,52,九龍土瓜灣浙江街36號地下,"G/F, 36 CHI KIANG STREET, TOKWAWAN, KOWLOON",3152226953,RR,,2026-10-14,22.315218,114.189134,2025-09-30,ChIJ9U0gZwEBBDQRWcU5urCv1iY,4.8,0.0,18,thai_restaurant,"['thai_restaurant', 'restaurant', 'food', 'point_of_interest', 'establishment']",Standard,標準
來泰巷,來泰巷,九龍城區,Kowloon City,52,九龍馬頭圍道370-376號地下5號舖,"G/F, SHOP NO. 5, 370-376 MA TAU WAI ROAD, KOWLOON",2252807844,RL,,2027-03-17,22.3184519,114.1875254,2026-03-17,ChIJtXTqkZYBBDQRaV7zQpjKDxs,4.0,0.0,141,thai_restaurant,"['thai_restaurant', 'restaurant', 'food', 'point_of_interest', 'establishment']",Standard,標準
馬泰,MA THAI,中西區,Central/Western,18,香港水街1號K東利大樓地下,"G/F, TUNG LEE MANSION, 1K WATER STREET, WESTERN, HONG KONG",2214129328,RL,,2026-07-01,22.2869334,114.1387797,2025-06-23,ChIJ04baHAD_AzQR7vpahigOKYc,3.8,0.0,53,restaurant,"['restaurant', 'asian_restaurant', 'food', 'point_of_interest', 'establishment']",Standard,標準
泰歡迎,泰歡迎,東區,Eastern,11,香港鰂魚涌 英皇道1046號 益昌大廈地下22號A鋪,"SHOP A22, G/F, YICK CHEONG BLDG, 1046 KING'S ROAD, HONG KONG",2211191560,RL,,2026-08-16,22.2840645,114.2123474,2025-10-10,ChIJh_irCgsBBDQRpDiBnw7BOxA,3.8,0.0,105,thai_restaurant,"['thai_restaurant', 'asian_restaurant', 'restaurant', 'food', 'point_of_interest', 'establishment']",Pun,食字
金曼谷泰國菜館,Golden Bangkok Thai Restaurant,沙田區,Sha Tin,97,新界沙田 大圍田心街 田心村264號地下 及店鋪前之露天茶座,"G/F, NO 264 AND THE OUTSIDE SEATING ACCOMMODATION AT SHOP FRONT, TIN SAM VILLAGE, TIN SAM STREET, TAI WAI, SHA TIN, NEW TERRITORIES",2297001726,RL,#A#G,2026-10-23,22.3694755,114.1780266,2025-09-22,ChIJS1fVNQ8HBDQRe7C2X03VBe4,3.5,3.0,389,thai_restaurant,"['thai_restaurant', 'restaurant', 'food', 'point_of_interest', 'establishment']",Standard,標準
泰苑,泰苑,屯門區,Tuen Mun,93,新界屯門新墟村36區第一台1-3號舖及舖前露天茶座,"NO. 1-3, 1ST TERRACE, 36TH DISTRICT NEW MARKET VILLAGE & THE OUTSIDE SEATING AREA AT SHOP FRONT, TUEN MUN, NEW TERRITORIES",2293000488,RL,#A,2026-06-30,22.400717,113.979567,2025-06-06,ChIJf3zvNiX7AzQR3mwg81iwhfE,3.8,0.0,157,thai_restaurant,"['thai_restaurant', 'restaurant', 'food', 'point_of_interest', 'establishment']",Standard,標準
金泰軒,金泰軒,屯門區,Tuen Mun,93,新界屯門屯門市地段300號青山公路彩華花園地下18及1 9號舖,"SHOP NOS. 18 & 19, G/F, TMTL 300, RAINBOW GARDEN, CASTLE PEAK ROAD, TUEN MUN, NEW TERRITORIES",2293001843,RL,,2026-05-10,22.3865089,113.9817931,2025-05-13,ChIJx9pnAhX7AzQRkP9NLIjkhXU,3.9,3.0,103,thai_restaurant,"['thai_restaurant', 'asian_restaurant', 'restaurant', 'food', 'point_of_interest', 'establishment']",Standard,標準
金龍泰國菜館,Gold Dragon Thai Asia Restaurant,屯門區,Tuen Mun,93,新界屯門達仁坊17號遠東發展屯門中心大廈地下,"G/F, FAR EAST CONSORTIUM TUEN MUN CENTRAL BUILDING, 17 TAT YAN SQUARE, TUEN MUN, NEW TERRITORIES",2293002961,RL,#G,2026-06-01,22.3970032,113.9767641,2025-05-21,ChIJxbrJhCL7AzQRElsKUJehqeQ,4.1,3.0,131,thai_restaurant,"['thai_restaurant', 'asian_restaurant', 'restaurant', 'food', 'point_of_interest', 'establishment']",Standard,標準
泰好味,泰好味,屯門區,Tuen Mun,93,新界屯門青柏徑6號鹿苑地下9號舖,"SHOP 9, G/F, LOOK YUEN, 6 TSING PAK PATH, TUEN MUN, NEW TERRITORIES",2293000664,RL,,2026-06-30,22.4013117,113.9780642,2025-05-09,ChIJcae1Zx_7AzQRz61TXRgXoT0,3.7,0.0,63,thai_restaurant,"['thai_restaurant', 'asian_restaurant', 'restaurant', 'food', 'point_of_interest', 'establishment']",Pun,食字
泰式食,Thai Perfect,灣仔區,Wan Chai,12,香港銅鑼灣紀利佐治街1號 金百利8樓 R2 & R3 號舖,"FLAT R2&R3, 8/F., ISLAND BEVERLEY, 1 GREAT GEORGE STREET, CAUSEWAY BAY, HONG KONG",2212800142,RL,,2026-06-12,22.2803892,114.1850451,2025-06-12,ChIJV38vmlYABDQRst0Pnq2srfo,3.8,3.0,177,thai_restaurant,"['thai_restaurant', 'asian_restaurant', 'restaurant', 'food', 'point_of_interest', 'establishment']",Pun,食字
新曼谷泰國菜館,新曼谷泰國菜館,灣仔區,Wan Chai,12,香港灣仔軒尼詩道366號地下及閣樓,"G/F & C/L, 366 HENNESSY ROAD, WAN CHAI, HONG KONG",2212019591,RL,,2026-06-30,22.2784287,114.1794356,2025-06-11,ChIJsR8oLVcABDQRt__LpmAoIeI,4.1,0.0,508,thai_restaurant,"['thai_restaurant', 'restaurant', 'food', 'point_of_interest', 'establishment']",Standard,標準
泰皇宮,泰皇宮,南區,Southern,15,香港仔舊大街108號 港暉中心地下低層5號舖,"SHOP 5, LG/F, COMFORT CENTRE, 108 OLD MAIN STREET, ABERDEEN, SOUTHERN, HONG KONG",2215129334,RL,,2026-06-25,22.2486215,114.1561509,2025-06-25,ChIJEW5stBwABDQRg3LlWSc5NpA,3.6,3.0,280,restaurant,"['restaurant', 'food', 'point_of_interest', 'establishment']",Standard,標準
泰象泰國餐廳,Erawan Thai Restaurant,南區,Southern,15,鴨脷洲 鴨脷洲大街 57至63號及 洪聖街 12-24號地下B及C號舖 利景大廈,"SHOP B & C, G/F, FORTUNE MANSION, 57-63 MAIN STREET AND, 12-24 HUNG SHING STREET, APLEICHAU, SOUTHERN, HONG KONG",2215085852,RL,,2026-06-30,22.243947,114.155968,2025-06-20,ChIJtSJQ_qeqBjQR_o88cO6WJbQ,4.1,0.0,244,thai_restaurant,"['thai_restaurant', 'restaurant', 'food', 'point_of_interest', 'establishment']",Standard,標準
The Lotus Viet & Thai Cuisine蓮.越泰坊,The Lotus Viet & Thai Cuisine蓮.越泰坊,南區,Southern,15,香港數碼港道100號 數碼港商場304號舖,"SHOP L3-4, LEVEL 3, THE ARCADE, CYBERPORT, 100 CYBERPORT ROAD, HONG KONG",2215235536,RL,,2026-05-19,22.2608482,114.1296539,2025-04-24,ChIJRb-t9O__AzQRmX3K6cYCf-A,3.1,0.0,122,thai_restaurant,"['thai_restaurant', 'restaurant', 'food', 'point_of_interest', 'establishment']",English,英文
泰禾美,THAI E-SANRAM-MIS,沙田區,Sha Tin,97,新界沙田大圍 積存街6至10號 龍景樓A鋪地下及 B鋪地下和閣樓,"SHOP A G/F & SHOP B G/F & C/L, LUNG KING BUILDING, 6-10 CHIK CHUEN STREET, TAI WAI, SHA TIN, NEW TERRITORIES",2297000626,RL,,2026-06-30,22.376207,114.1773401,2025-06-02,ChIJL3NdOAAHBDQR95rVioEUIt4,4.1,0.0,66,thai_restaurant,"['thai_restaurant', 'restaurant', 'food', 'point_of_interest', 'establishment']",Pun,食字
好運泰國美食,好運泰國美食,黃大仙區,Wong Tai Sin,53,"九龍新蒲崗崇齡街33號新蒲崗廣場2樓C38, 39, 39A, 42及43號舖","2/F, SHOP C38, 39, 39A, 42 & 43, SAN PO KONG PLAZA, 33 SHUNG LING STREET, SAN PO KONG, KOWLOON",2253303923,RL,#F#G#H,2026-04-01,22.3351968,114.1959271,2025-04-25,ChIJEWWJeSgHBDQR_vVAMbulqy0,3.9,0.0,37,thai_restaurant,"['thai_restaurant', 'restaurant', 'food', 'point_of_interest', 'establishment']",Standard,標準
泰一流,泰一流,黃大仙區,Wong Tai Sin,53,九龍慈雲山蒲英里9號華麗樓地下,"G/F, WAH LAI HOUSE, 9 PO YING LANE, TSZ WAN SHAN, WONG TAI SIN, KOWLOON",2253801490,RL,,2026-08-31,22.346564,114.202439,2025-09-05,ChIJ6-WLTQAHBDQRdYOaQSihOSA,3.5,0.0,115,thai_restaurant,"['thai_restaurant', 'restaurant', 'food', 'point_of_interest', 'establishment']",Pun,食字
泰金香小廚,泰金香小廚,東區,Eastern,11,香港北角 電氣道233號 城市花園商場 第14座1樓94號鋪,"SHOP NO. 94, 1/F, BLOCK 14, CITY GARDEN SHOPPING CENTRE, 233 ELECTRIC ROAD, HONG KONG",2211217125,RL,,2026-11-05,22.2899507533504,114.193796426852,2025-11-17,ChIJRwMWdqoABDQRKRTw4ATMEGs,4.3,3.0,199,thai_restaurant,"['thai_restaurant', 'restaurant', 'point_of_interest', 'food', 'establishment']",Standard,標準
暹羅苑泰國餐廳,Siam Garden Thai Restaurant,東區,Eastern,11,香港 七姊妹道116至122號地下B鋪,"SHOP B, G/F, 116-122 TSAT TSZ MUI ROAD, HONG KONG",2211806949,RL,#G#H,2026-12-06,22.2911502,114.204006,2025-12-05,ChIJncTd8g8BBDQRs3eN07GV_tY,3.9,3.0,408,thai_restaurant,"['thai_restaurant', 'restaurant', 'food', 'point_of_interest', 'establishment']",Standard,標準
泰發泰國餐廳,泰發泰國餐廳,屯門區,Tuen Mun,93,新界屯門良德街9號盈豐商場地下 A-15號舖及舖前露天座位,"SHOP A-15, G/F, AND OUTSIDE SEATING ACCOMMODATION AT SHOP FRONT ,GOODRICH GARDEN SHOPPING CENTRE, 9 LEUNG TAK STREET, TUEN MUN, NEW TERRITORIES",2293002794,RL,#A,2026-04-07,22.414226,113.975932,2025-03-25,ChIJY4mZQtj6AzQRbur05ZBoqHM,3.5,0.0,17,thai_restaurant,"['thai_restaurant', 'restaurant', 'food', 'point_of_interest', 'establishment']",Pun,食字
金枕頭泰國餐廳,Golden Durian Tai Restaurant,北區,North,96,新界粉嶺 一鳴路23號牽晴間 地下G2號舖,"SHOP G2, G/F, DAWNING VIEWS, 23 YAT MING ROAD, FANLING, NEW TERRITORIES",2296001394,RL,#G,2026-08-04,22.4871867704227,114.144048377357,2025-07-25,ChIJE3F-X98JBDQR6cK8VjSxmIU,3.8,3.0,410,thai_restaurant,"['thai_restaurant', 'restaurant', 'food', 'point_of_interest', 'establishment']",Standard,標準
Mint & Basil Thai Vietnamese Cuisine,Mint & Basil Thai Vietnamese Cuisine,東區,Eastern,11,香港鯉景灣 A區地下GA4-7鋪,"SHOP NO. GA 4-7, G/F, SITE A, LEI KING WAN, HONG KONG",2211183699,RL,,2026-12-17,22.287164950582767,114.22312753890044,2025-12-16,ChIJs_m7AXEBBDQRe56TwOu0R_g,4.3,3.0,485,thai_restaurant,"['thai_restaurant', 'coffee_shop', 'vietnamese_restaurant', 'cafe', 'bar', 'food_store', 'store', 'service', 'restaurant', 'food', 'point_of_interest', 'establishment']",English,英文
泰太廚房,THAI THAI KITCHEN,大埔區,Tai Po,95,新界大埔大尾督村第28約第703地段A段及712地段A段地下,"G/F, DD 28, LOTS 703 S.A & 712 S.A, TAI MEI TUK CHUEN, TAI PO, NEW TERRITORIES",2295803854,RL,#G,2026-11-06,22.4728367,114.232961,2025-11-05,ChIJXdkINjQJBDQRGOKZ67pK_BE,3.9,3.0,511,thai_restaurant,"['thai_restaurant', 'restaurant', 'food', 'point_of_interest', 'establishment']",Pun,食字
公車泰國菜館,公車泰國菜館,元朗區,Yuen Long,94,新界元朗西菁街2號興旺樓地下2及3號鋪,"SHOP NO. 2 & 3, G/F, HING WONG BUILDING, 2 SAI CHING STREET, YUEN LONG, NEW TERRITORIES",2294002171,RL,,2026-07-16,22.4419487,114.0268615,2025-08-18,ChIJucyowcv7AzQRtNaw0UWUA78,3.8,0.0,380,thai_restaurant,"['thai_restaurant', 'restaurant', 'food', 'point_of_interest', 'establishment']",Standard,標準
旦王花─泰越鍾情,旦王花─泰越鍾情,元朗區,Yuen Long,94,新界元朗丈量約份第106約地段第1649號A段及 丈量約份第106約地段 第1649號餘段八鄉錦上路148號地下,"G/F, DD 106, LOT 1649 S.A & R.P., 148 KAM SHEUNG ROAD, PAT HEUNG, YUEN LONG, NEW TERRITORIES",2294001099,RL,,2026-05-21,22.425637,114.080382,2025-05-09,ChIJiStKadv5AzQRc9JU5j0jh_g,3.8,3.0,663,thai_restaurant,"['thai_restaurant', 'restaurant', 'food', 'point_of_interest', 'establishment']",Standard,標準
泰東泰國特色餐廳,Thailand East Thai Specialty Restaurant,元朗區,Yuen Long,94,新界元朗東成里路1號地下及1樓,"G/F & 1/F, 1 YUEN LONG TUNG SHING LEI ROAD, YUEN LONG, NEW TERRITORIES",2294003855,RL,#G#H,2027-02-19,22.4449428,114.0431097,2026-02-13,ChIJmQfQ3avwAzQRWL0Zj9TQApg,3.8,3.0,614,thai_restaurant,"['thai_restaurant', 'restaurant', 'food', 'point_of_interest', 'establishment']",Standard,標準
泰好運泰國菜,泰好運泰國菜,元朗區,Yuen Long,94,新界元朗福田徑2至16號 樂富大廈地下5B號舖,"SHOP NO. 5B, G/F, LOK FU BUILDING, 2-16 FUK TIN PATH, YUEN LONG, NEW TERRITORIES",3194001033,RR,,2026-12-23,22.4464294,114.0217386,2025-11-11,ChIJ5T1tVJ7wAzQRSyzTD9Qr5V0,3.7,2.0,81,thai_restaurant,"['thai_restaurant', 'restaurant', 'food', 'point_of_interest', 'establishment']",Pun,食字
英姐泰式海南雞,英姐泰式海南雞,離島區,Islands,17,長洲大新街47號地下,"G/F., 47 TAI SAN STREET, CHEUNG CHAU, NEW TERRITORIES",3117000709,RR,,2026-06-30,22.206585929853,114.029074935457,2025-07-09,ChIJMxN0laFXATQRx-f_KixQjOY,4.8,0.0,11,chinese_restaurant,"['thai_restaurant', 'chinese_restaurant', 'restaurant', 'food', 'point_of_interest', 'establishment']",Standard,標準
石澳(中泰式海鮮)酒家,石澳(中泰式海鮮)酒家,南區,Southern,15,石澳村303號地下,"G/F, SHEK O VILLAGE, 303SHEK O, SOUTHERN, HONG KONG",2215034599,RL,,2026-06-30,22.2306075319736,114.251477782553,2025-06-23,ChIJr5P_DAgCBDQR5bE4rsQUEFA,3.9,3.0,372,thai_restaurant,"['thai_restaurant', 'restaurant', 'food', 'point_of_interest', 'establishment']",Standard,標準
泰簡單,Thai Simple,灣仔區,Wan Chai,12,香港謝斐道517號總統戲院3樓,"3/F, 517 JAFFE RD, CAUSEWAY BAY, WAN CHAI, HONG KONG",2212222872,RL,,2027-03-31,22.2813247,114.1835742,2026-02-27,ChIJ90MD8VYABDQRwTUBDHTTwpk,3.9,3.0,558,thai_restaurant,"['thai_restaurant', 'restaurant', 'food', 'point_of_interest', 'establishment']",Pun,食字
榶意泰式粉麵,榶意泰式粉麵,觀塘區,Kwun Tong,51,九龍嘉榮街3-7號 油塘中心嘉發商場G6及G7室,"FLAT G6, G7, KA FAT ARCADE, YAU TONG CENTRE, 3-7 KA WING STREET, KOWLOON",3151228882,RR,,2026-11-24,22.2947906,114.2385137,2025-11-17,ChIJv9uY2mEBBDQRaSZ-8jmIYPY,3.9,2.0,223,thai_restaurant,"['thai_restaurant', 'restaurant', 'food', 'point_of_interest', 'establishment']",Standard,標準
滿泰小食店,MOON THAI SNACK SHOP,西貢區,Sai Kung,98,新界西貢 福民路高富樓地下25 及26號鋪,"SHOP NOS.25 & 26, G/F., KO FU BUILDING, FUK MAN ROAD, SAI KUNG, NEW TERRITORIES",2298001954,RL,,2026-07-04,22.3821641,114.2730639,2025-05-22,ChIJm3v2X70FBDQR-_VIdpoXqeY,3.4,0.0,73,thai_restaurant,"['thai_restaurant', 'restaurant', 'food', 'point_of_interest', 'establishment']",Standard,標準
海灣泰,Beach Thai,西貢區,Sai Kung,98,新界西貢第221約164SX大網仔路沙下西沙灣地下、一樓及鋪 前露天座位,"G/F, 1/F AND THE OUTSIDE SEATING ACCOMMODATION AT SHOP FRONT, DD 221, SX 164, SAI SHA WAN, SHA HA, TAI MONG TSAI ROAD, SAI KUNG, NEW TERRITORIES",2298001486,RL,#A#F#G,2026-06-30,22.3888414,114.2761517,2025-06-26,ChIJQ4f83U8FBDQR3_L2ftBKeBY,3.4,0.0,11,point_of_interest,"['point_of_interest', 'establishment']",Standard,標準
泰味泰國菜(坑口店第三分店),THAI TASTY THAI RESTAURANT,西貢區,Sai Kung,98,新界西貢 將軍澳坑口村4號B地下,"G/F, 4-B HANG HAU VILLAGE, TSEUNG KWAN O, SAI KUNG, NEW TERRITORIES",2298804034,RL,,2026-10-02,22.321578,114.267194,2025-09-04,ChIJ_1Z8JDMFBDQRCpX7JQsTqZ8,4.1,0.0,55,thai_restaurant,"['thai_restaurant', 'restaurant', 'food', 'point_of_interest', 'establishment']",Standard,標準
Simply Thai,Simply Thai,旺角區,Mong Kok,62,九龍旺角基隆街32號地下,"G/F, 32 KI LUNG STREET, MONG KOK, KOWLOON",2262062606,RL,,2026-06-30,22.325191,114.16692,2025-06-23,ChIJRzDxw2cBBDQRPZ6G2haM7pA,4.4,0.0,67,thai_restaurant,"['thai_restaurant', 'restaurant', 'food', 'point_of_interest', 'establishment']",English,英文
泰廚泰國菜館,泰廚泰國菜館,旺角區,Mong Kok,62,九龍旺角通菜街126號地下及閣樓,"G/F & C/L, 126 TUNG CHOI ST, MONG KOK, KOWLOON",2262068792,RL,#G,2026-06-30,22.3215655,114.1702704,2025-06-13,ChIJX2lSZ8gABDQRDmZsiddIkdw,3.9,3.0,646,thai_restaurant,"['thai_restaurant', 'restaurant', 'food', 'point_of_interest', 'establishment']",Standard,標準
紅蘭香泰國菜館有限公司,紅蘭香泰國菜館有限公司,旺角區,Mong Kok,62,九龍砵蘭街138號地下,"G/F, 138 PORTLAND STREET, KOWLOON",2262255462,RL,,2026-11-21,22.3156065,114.1695949,2025-10-23,ChIJ35933sMBBDQRey1OF9SKz7A,4.3,0.0,95,restaurant,"['restaurant', 'food', 'point_of_interest', 'establishment']",Standard,標準
珍姐泰國菜館,珍姐泰國菜館,觀塘區,Kwun Tong,51,九龍藍田滙景道8號 匯景商場5樓 1號單位34及35號舖,"SHOP 34-35 OF UNIT 1, LEVEL 5, SCENEWAY PLAZA, 8 SCENEWAY ROAD, KOWLOON",2251224183,RL,,2026-07-29,22.307545,114.233867,2025-07-16,ChIJYVLcnUgBBDQRl6KLZnNAjs8,3.8,0.0,55,thai_restaurant,"['thai_restaurant', 'restaurant', 'food', 'point_of_interest', 'establishment']",Standard,標準
紅蟻泰國菜,紅蟻泰國菜,觀塘區,Kwun Tong,51,九龍觀塘 定業街1號地下,"G/F., 1 TING YIP ST, KWUN TONG, KOWLOON",2251068233,RL,,2026-06-30,22.317483,114.216071,2025-06-25,ChIJZWoy7kkBBDQR87HHoy0gSUI,3.6,3.0,121,thai_restaurant,"['thai_restaurant', 'restaurant', 'food', 'point_of_interest', 'establishment']",Standard,標準
Nara Thai,Nara Thai,油尖區,Yau Tsim,61,"九龍尖沙咀東麼地道75號 南洋中心地下14,15,16,17,18,19號舖 及前舖露天座位","SHOP NOS. 14, 15, 16, 17, 18 & 19, G/F AND OUTSIDE SEATING ACCOMMODATION AT SHOP FRONT, SOUTH SEAS CENTRE , 75 MODY ROAD, TSIM SHA TSUI EAST, KOWLOON",2261802076,RL,#A,2026-12-05,22.299604,114.1787697,2025-12-04,ChIJlcv-cO8ABDQRvCPepzRzud8,4.0,3.0,490,thai_restaurant,"['thai_restaurant', 'bar', 'restaurant', 'food', 'point_of_interest', 'establishment']",English,英文
泰國廚子,THAI chef,荃灣區,Tsuen Wan,92,新界荃灣 荃華街3號 悅來酒店悅來坊 地下G31-G32A鋪,"SHOP G31-G32A, G/F, PANDA PLACE, PANDA HOTEL, NO. 3 TSUEN WAH STREET, TSUEN WAN, NEW TERRITORIES",2292800739,RL,#G#H,2027-02-05,22.368988,114.120796,2025-12-22,ChIJc7EhMJP4AzQR9lLESi3JGY4,3.3,3.0,116,thai_restaurant,"['thai_restaurant', 'restaurant', 'food', 'point_of_interest', 'establishment']",Standard,標準
泰國路邊雞美食,泰國路邊雞美食,九龍城區,Kowloon City,52,九龍九龍城城南道26號地下,"G/F., 26 SOUTH WALL ROAD, KOWLOON CITY, KOWLOON",3152800364,RR,,2026-03-29,22.3292072,114.1909554,2025-03-14,ChIJSwx1oyoHBDQRdUhSIxCOjP8,4.1,2.0,182,thai_restaurant,"['thai_restaurant', 'restaurant', 'food', 'point_of_interest', 'establishment']",Standard,標準
泰好味,Thai delicious,元朗區,Yuen Long,94,新界元朗天水圍 天湖路1號 嘉湖新北江商場 1樓C43B鋪,"SHOP C43B, 1/F, KINGSWOOD RICHLY PLAZA, 1 TIN WU ROAD, TIN SHUI WAI, YUEN LONG, NEW TERRITORIES",2294800548,RL,,2026-04-18,22.4517561,114.001319,2025-03-31,ChIJod-gjVzxAzQRv07LaiWyRLk,4.0,0.0,4,thai_restaurant,"['thai_restaurant', 'restaurant', 'food', 'point_of_interest', 'establishment']",Pun,食字
金銀泰國美食,THAWEESAB THAI FOOD,油尖區,Yau Tsim,61,九龍油麻地廟街259A號地下C座,"BLOCK C, G/F, 259A TEMPLE STREET, YAU MA TEI, KOWLOON",2261801505,RL,,2026-04-20,22.3045812,114.1694576,2025-04-17,ChIJAQcz0wwBBDQRofQW1h5XN7U,4.1,3.0,124,thai_restaurant,"['thai_restaurant', 'restaurant', 'food', 'point_of_interest', 'establishment']",Standard,標準
Koh Tomyums Thai Restaurant,Koh Tomyums Thai Restaurant,離島區,Islands,17,香港大嶼山愉景灣愉景廣場A座1字樓105B鋪,"SHOP 105B, 1/F., BLOCK A, DB PLAZA, DISCOVERY BAY, LANTAU ISLAND, HONG KONG",2217800484,RL,,2026-10-25,22.29656,114.01622,2025-10-23,ChIJBX3Nrbv9AzQRxaD_wYJ-7sw,4.2,3.0,286,thai_restaurant,"['thai_restaurant', 'asian_restaurant', 'restaurant', 'food', 'point_of_interest', 'establishment']",English,英文
旺泰特食,SAWADDEE THAILAND,西貢區,Sai Kung,98,新界西貢親民街16號 西貢花園地下4號鋪及鋪前露天茶座,"SHOP NO. 4, G/F AND THE OUTSIDE SEATING ACCOMMODATION AT SHOP FRONT, SAI KUNG GARDEN, 16 CHAN MAN STREET, SAI KUNG, NEW TERRITORIES",2298800698,RL,#A,2026-12-27,22.3822222,114.2713889,2025-11-24,ChIJ3TBIKpYFBDQRjAF8PCA0gZ8,3.9,3.0,381,thai_restaurant,"['thai_restaurant', 'restaurant', 'food', 'point_of_interest', 'establishment']",Standard,標準
金泰屋泰國菜館,金泰屋泰國菜館,離島區,Islands,17,香港大嶼山東涌2420地段3約黃泥屋村1號地下,"NO. 1, G/F., WONG NAI UK VILLAGE, TUNG CHUNG, D.D. 3, LOT NO. 2420, LANTAU ISLAND, HONG KONG",2217800271,RL,,2026-05-14,22.283307514361,113.938531742584,2025-06-16,ChIJae0ffabiAzQR3Dc6-_8kKTw,4.0,3.0,406,thai_restaurant,"['thai_restaurant', 'restaurant', 'food', 'point_of_interest', 'establishment']",Standard,標準
泰廚坊,KRUA THAI THAI RESTAURANT,中西區,Central/Western,18,香港堅尼地城厚和街38號持平大廈地下C及D號鋪,"SHOP NO. C & D, G/F., CHI PING BUILDING, 38 HAU WO STREET, KENNEDY TOWN, HONG KONG",2218802177,RL,,2026-11-29,22.2826793,114.1271443,2025-12-02,ChIJIQ_-MAD_AzQRab3lOh6TTUE,4.7,0.0,27,restaurant,"['restaurant', 'thai_restaurant', 'food', 'point_of_interest', 'establishment']",Standard,標準
泰朝泰國菜館,Nittaya Restaurant,荃灣區,Tsuen Wan,92,新界荃灣深井深井村91號地下及舖前露天座位,"G/F AND OUTSIDE SEATING ACCOMMODATION AT SHOPFRONT, 91 SHAM TSENG TSUEN, SHAM TSENG, TSUEN WAN, NEW TERRITORIES",2292801477,RL,#A,2027-03-06,22.367118,114.059239,2026-03-02,ChIJ3c4E51z5AzQRwDxz3AJgZtE,3.7,0.0,96,thai_restaurant,"['thai_restaurant', 'restaurant', 'food', 'point_of_interest', 'establishment']",Pun,食字
泰式食,THAI CUISINE,九龍城區,Kowloon City,52,九龍九龍城城南道11號地下及閣樓,"G/F & COCKLOFT, 11 SOUTH WALL ROAD, KOWLOON CITY, KOWLOON",2252801323,RL,,2027-03-19,22.328588,114.190771,2026-03-17,ChIJl_bsryoHBDQRagT1RYWm_bg,4.2,0.0,56,thai_restaurant,"['thai_restaurant', 'restaurant', 'point_of_interest', 'food', 'establishment']",Pun,食字
泰禾美,泰禾美,九龍城區,Kowloon City,52,九龍九龍城龍崗道11-13號龍威大厦地下A舖,"SHOP A, G/F, DRAGON MANSION, 11-13 LUNG KONG ROAD, KOWLOON CITY, KOWLOON",2252801262,RL,#G,2027-01-23,22.3284672,114.190218,2025-12-24,ChIJwWX_syoHBDQRMQK7trm7hk0,4.1,3.0,295,thai_restaurant,"['thai_restaurant', 'restaurant', 'food', 'point_of_interest', 'establishment']",Pun,食字
安柏娃泰國燒烤菜館,安柏娃泰國燒烤菜館,油尖區,Yau Tsim,61,九龍油麻地文明里2號地下,"G/F, 2 MAN MING LANE, YAU MA TEI, KOWLOON",2261803510,RL,#G#H,2026-05-18,22.3116592,114.1707934,2025-05-16,ChIJw0Lj_sAABDQR-OtKlsPA970,4.2,0.0,165,thai_restaurant,"['thai_restaurant', 'restaurant', 'food', 'point_of_interest', 'establishment']",Standard,標準
象泰･宴,象泰･宴,屯門區,Tuen Mun,93,"新界屯門青善街8,10及12號康景花園商場 地下8,9及10號鋪","SHOP 8, 9, 10, G/F, HONG KING GARDEN SHOPPING CENTRE, 8, 10, 12 TSING SIN STREET, TUEN MUN, NEW TERRITORIES",2293800815,RL,,2026-10-26,22.3854424,113.9799861,2026-03-17,ChIJvTcF_PL7AzQRkz6z4YmjuaY,3.7,3.0,338,thai_restaurant,"['thai_restaurant', 'restaurant', 'food', 'point_of_interest', 'establishment']",Standard,標準
東源(泰味屋),Nitaya Thai House,灣仔區,Wan Chai,12,香港銅鑼灣銅鑼灣道140號地下,"G/F., NO. 140 TUNG LO WAN ROAD, CAUSEWAY BAY, HONG KONG",2211801573,RL,,2027-04-14,22.2810538,114.1921586,2026-03-03,ChIJu0T00KoBBDQRufKf8PKnFOY,3.9,3.0,229,thai_restaurant,"['thai_restaurant', 'asian_restaurant', 'restaurant', 'food', 'point_of_interest', 'establishment']",Standard,標準
泰好食,泰好食,灣仔區,Wan Chai,12,香港灣仔厦門街1號廣泰樓地下D1號鋪,"SHOP D1, GROUND FLOOR, MOUNTAIN VIEW MANSION, NO. 1 AMOY STREET, WAN CHAI, HONG KONG",2212803673,RL,,2026-09-04,22.2754566,114.1717926,2025-09-17,ChIJ5VfxzFwABDQRmBXPCjMGoRY,3.6,0.0,58,thai_restaurant,"['thai_restaurant', 'restaurant', 'food', 'point_of_interest', 'establishment']",Pun,食字
泰榮華,WING WAH THAI STYLE,東區,Eastern,11,香港筲箕灣南安街95號地下B鋪,"SHOP B, G/F., NO. 95 NAM ON STREET, SHAU KEI WAN, HONG KONG",2211801829,RL,,2026-11-05,22.2794813,114.2262677,2025-10-20,ChIJ5x2FkXcBBDQReSQtoEVUvmU,4.0,3.0,202,thai_restaurant,"['thai_restaurant', 'restaurant', 'food', 'point_of_interest', 'establishment']",Pun,食字
Milu Thai Restaurant,Milu Thai Restaurant,灣仔區,Wan Chai,12,香港銅鑼灣耀華街３號百樂中心２樓,"2/F., BARTLOCK CENTRE, 3 YIU WA STREET, CAUSEWAY BAY, HONG KONG",2212803318,RL,#F#G#H,2026-04-28,22.2776822,114.1821833,2025-04-01,ChIJGyJrO4ABBDQRxBbhvvaMsa4,4.2,0.0,464,thai_restaurant,"['thai_restaurant', 'restaurant', 'food', 'point_of_interest', 'establishment']",English,英文
泰國婆,GRANDMA THAI,西貢區,Sai Kung,98,新界西貢將軍澳重華路8號東港城2樓238號鋪,"SHOP NO. 238, LEVEL 2, EAST POINT CITY, 8 CHUNG WA ROAD, TSEUNG KWAN O, SAI KUNG, NEW TERRITORIES",2298800777,RL,,2026-05-01,22.3163658,114.2652397,2025-05-02,ChIJd2P7PgAFBDQRv2rs3jwLCfY,3.1,0.0,54,thai_restaurant,"['thai_restaurant', 'restaurant', 'food', 'point_of_interest', 'establishment']",Standard,標準
金不換泰國餐廳,SWEET BASIL THAI CUISINE,油尖區,Yau Tsim,61,九龍尖沙咀海港城海運大厦二樓OT 260-263舖,"SHOP OT 260-263, L2, OCEAN TERMINAL, HARBOUR CITY, TSIM SHA TSUI, KOWLOON",2261804142,RL,,2026-12-28,22.2953381,114.1688303,2025-12-05,ChIJKetw2owABDQRXlXdiSXUy4U,3.9,4.0,475,thai_restaurant,"['thai_restaurant', 'asian_restaurant', 'restaurant', 'point_of_interest', 'food', 'establishment']",Standard,標準
泰潮,THAI CHIU,油尖區,Yau Tsim,61,九龍尖沙咀廣東道30號 新港商場地庫B01號舖R2號檔,"STALL NO. R2 OF SHOP NO. B01, BASEMENT FLOOR OF SILVERCORD, 30 CANTON ROAD, TSIM SHA TSUI, KOWLOON",2261804160,RL,,2026-12-30,22.2973512,114.1694048,2026-01-08,ChIJyxmO3pwBBDQRjyXGQCZCZu4,3.3,0.0,24,thai_restaurant,"['thai_restaurant', 'restaurant', 'food', 'point_of_interest', 'establishment']",Pun,食字
泰城,Thai Restaurant,油尖區,Yau Tsim,61,九龍油麻地吳松街27-E號地下地舖,"G/F., 27-E WOOSUNG ST., YAU MA TEI, KOWLOON",2261804188,RL,,2027-01-07,22.3080138,114.1707383,2025-12-05,ChIJz3VHYuoABDQRJVBLMZTnNxg,3.8,0.0,203,thai_restaurant,"['thai_restaurant', 'asian_restaurant', 'restaurant', 'food', 'point_of_interest', 'establishment']",Standard,標準
三妹嘜泰國菜館,三妹嘜泰國菜館,油尖區,Yau Tsim,61,九龍佐敦吳松街109號地下,"G/F., 109 WOO SUNG STREET, JORDAN, KOWLOON",2261804531,RL,,2026-05-18,22.3058487,114.1701474,2025-05-06,ChIJn9XWA-sABDQRqTnzbeCkDRU,4.1,0.0,131,thai_restaurant,"['thai_restaurant', 'restaurant', 'food', 'point_of_interest', 'establishment']",Standard,標準
泰迷你廚房,泰迷你廚房,荃灣區,Tsuen Wan,92,新界荃灣西樓角路186-200號昌安大厦一樓51及56號舖,"SHOP 51 & 56, 1/F, CHEONG ON BUILDING, 186-200 SAI LAU KOK ROAD, TSUEN WAN, NEW TERRITORIES",3192800658,RR,,2026-07-06,22.3715678,114.1198742,2025-05-27,ChIJM5D9Su34AzQR0dHiE8QZjSo,3.3,0.0,8,thai_restaurant,"['thai_restaurant', 'restaurant', 'food', 'point_of_interest', 'establishment']",Pun,食字
薄荷葉泰國菜,MINT THAI HOUSE,元朗區,Yuen Long,94,新界元朗安駿里2號怡康大廈地下12及13號鋪及鋪前露天座位,"SHOP NO.12 & 13, G/F AND THE OUTSIDE SEATING ACCOMMODATION AT SHOP FRONT, YEE HONG BUILDING, 2 ON CHUN LANE, YUEN LONG, NEW TERRITORIES",2294801620,RL,#A,2026-11-15,22.4420174,114.0235737,2025-11-25,ChIJ-yAxPnX6AzQRYHgohszcQag,3.8,3.0,259,thai_restaurant,"['thai_restaurant', 'restaurant', 'food', 'point_of_interest', 'establishment']",Standard,標準
泰山,泰山,荃灣區,Tsuen Wan,92,新界荃灣楊屋道1號荃新天地高層地下37號舖,"SHOP 37, UG/F, CITYWALK, 1 YEUNG UK ROAD, TSUEN WAN, NEW TERRITORIES",2292802197,RL,#G#H,2026-12-03,22.3696031,114.1136505,2025-12-08,ChIJSS-S7-z5AzQR2B4uuuNL9Lo,4.4,0.0,34,restaurant,"['restaurant', 'food', 'point_of_interest', 'establishment']",Pun,食字
泰好記,泰好記,旺角區,Mong Kok,62,九龍旺角通菜街75及77號地下,"G/F., 75 & 77 TUNG CHOI ST., MONG KOK, KOWLOON",2262807102,RL,#G#H,2027-03-04,22.3188671,114.1705301,2026-02-24,ChIJZa-24LQBBDQR8dgW8hZ2MwA,4.9,0.0,737,thai_restaurant,"['thai_restaurant', 'restaurant', 'food', 'point_of_interest', 'establishment']",Pun,食字
心泰苑泰國小廚,心泰苑泰國小廚,荃灣區,Tsuen Wan,92,新界荃灣海濱花園平台A 129A2-A4號舖,"SHOP 129A2-A4, PODIUM A, RIVIERA GARDENS, TSUEN WAN, NEW TERRITORIES",3192800816,RR,,2026-08-04,22.3627146,114.1130293,2025-09-15,ChIJ3RcDBsL4AzQRuHgx6TN3UjI,3.7,0.0,22,thai_restaurant,"['thai_restaurant', 'restaurant', 'food', 'point_of_interest', 'establishment']",Pun,食字
泰屋餐廳,BAN THAI RESTAURANT,東區,Eastern,11,香港鰂魚涌基利道7號太吉樓地下3B號鋪,"SHOP 3B, G/F., TAI KUT HOUSE, 7 GREIG ROAD, QUARRY BAY, HONG KONG",2211803199,RL,,2027-01-12,22.2840908,114.2143907,2026-01-26,ChIJcUxERgsBBDQR3JYe1s5JpDE,3.6,0.0,133,thai_restaurant,"['thai_restaurant', 'restaurant', 'food', 'point_of_interest', 'establishment']",Standard,標準
金泰潮,金泰潮,旺角區,Mong Kok,62,九龍大角咀角祥街91號地下,"G/F, 91 KOK CHEUNG STREET, TAI KOK TSUI, KOWLOON",2262808008,RL,,2026-09-18,22.323045,114.1602656,2025-11-12,ChIJe7IawLAABDQRsJn66g683mE,4.3,2.0,65,thai_restaurant,"['thai_restaurant', 'restaurant', 'food', 'point_of_interest', 'establishment']",Pun,食字
糯米泰,糯米泰,葵青區,Kwai Tsing,91,新界葵涌光輝圍39號A昌偉大廈地下29號鋪,"SHOP 29, G/F, CHEONG WAI MANSION, 39A KWONG FAI CIRCUIT, KWAI CHUNG, NEW TERRITORIES",2291801610,RL,,2026-06-19,22.3683388,114.1332498,2025-05-13,ChIJ17v8Ol_5AzQR-0NvHkMnxOk,4.6,0.0,37,thai_restaurant,"['thai_restaurant', 'restaurant', 'food', 'point_of_interest', 'establishment']",Standard,標準
泰屋泰國餐廳,BAN THAI RESTAURANT,西貢區,Sai Kung,98,新界西貢西貢海傍街5號地下,"G/F, 5 SAI KUNG HOI PONG STREET, SAI KUNG, NEW TERRITORIES",2298802506,RL,,2026-10-21,22.3794191,114.2709375,2025-09-17,ChIJMZNcTbwFBDQR_qCdsE0yuEg,4.0,0.0,54,thai_restaurant,"['thai_restaurant', 'restaurant', 'food', 'point_of_interest', 'establishment']",Standard,標準
金泰皇,金泰皇,九龍城區,Kowloon City,52,九龍九龍城城南道41號地下及閣樓,"G/F & M/F, 41 SOUTH WALL ROAD, KOWLOON CITY, KOWLOON",2252804137,RL,#G,2026-04-03,22.3296348,114.1908354,2025-03-18,ChIJc_fRrzkHBDQRb-Mz_tckv9w,4.0,0.0,156,thai_restaurant,"['thai_restaurant', 'restaurant', 'food', 'point_of_interest', 'establishment']",Standard,標準
泰國簡單廚房,The Satay House,灣仔區,Wan Chai,12,香港灣仔謝斐道118號地下D、E及F號舖,"SHOP D, E AND F, G/F., 118 JAFFE ROAD, WAN CHAI, HONG KONG",2212807046,RL,,2027-03-11,22.2785132,114.1727552,2026-02-04,ChIJq13A9A4BBDQROirYcjRDohI,3.7,0.0,36,thai_restaurant,"['thai_restaurant', 'restaurant', 'food', 'point_of_interest', 'establishment']",Standard,標準
泰金船,GOLDEN BOAT THAI FOOD,沙田區,Sha Tin,97,新界沙田馬鞍山第196丈量約份第906號地段 大水坑村地下93號,"DD 196 LOT 906, G/F, 93 TAI SHUI HANG VILLAGE, MA ON SHAN, SHA TIN, NEW TERRITORIES",2297802475,RL,,2027-03-21,22.4276756,114.2402751,2026-03-18,ChIJO3PtYAAHBDQRIc_e_pb9CAU,3.4,0.0,8,thai_restaurant,"['thai_restaurant', 'restaurant', 'food', 'point_of_interest', 'establishment']",Standard,標準
Thai-in,Thai-in,油尖區,Yau Tsim,61,"九龍佐敦吳松街139,139A 及141號地下1號舖","SHOP 1, G/F, 139, 139A & 141 WOOSUNG STREET, JORDAN, KOWLOON",2261807327,RL,,2026-07-28,22.3059889,114.17032,2025-07-21,ChIJxUShDesABDQRLc_BqjKp_hs,3.9,3.0,349,thai_restaurant,"['thai_restaurant', 'restaurant', 'food', 'point_of_interest', 'establishment']",English,英文
香草葉泰國菜,Sweet Basil,九龍城區,Kowloon City,52,九龍土瓜灣漆咸道北495號地下A鋪,"SHOP A, G/F, 495 CHATHAM ROAD NORTH, TO KWA WAN, KOWLOON",2252803772,RL,,2026-08-19,22.314182,114.187157,2025-08-11,ChIJ4XGs0oMBBDQR5sOcE2Cnajg,3.5,0.0,12,thai_restaurant,"['thai_restaurant', 'restaurant', 'food', 'point_of_interest', 'establishment']",Standard,標準
咖哩泰泰,咖哩泰泰,元朗區,Yuen Long,94,"新界元朗鳳攸南街3號好順景大廈 地下11,12及52號鋪及鋪前露天座位","SHOP 11, 12 & 52, G/F,  AND THE OUTSIDE SEATING ACCOMMODATION AT SHOPFRONT, HO SHUN KING BUILDING, 3 FUNG YAU STREET SOUTH, YUEN LONG, NEW TERRITORIES",2294802243,RL,#A#G,2026-07-31,22.4420056,114.0340503,2025-11-24,ChIJ8c8WLgDxAzQRoIHXI7Zeg5M,3.5,0.0,30,thai_restaurant,"['thai_restaurant', 'restaurant', 'food', 'point_of_interest', 'establishment']",Pun,食字
金屋泰國菜館,Golden Home Thai Food,荃灣區,Tsuen Wan,92,新界荃灣楊屋道69-71號地下,"G/F, 69-71 YEUNG UK ROAD, TSUEN WAN, NEW TERRITORIES",2292802993,RL,,2026-08-29,22.367904,114.1154103,2025-08-15,ChIJeV_F0TP5AzQRWGwPpfppB9s,4.0,3.0,307,thai_restaurant,"['thai_restaurant', 'restaurant', 'food', 'point_of_interest', 'establishment']",Standard,標準
怡怡泰菜,怡怡泰菜,元朗區,Yuen Long,94,新界元朗福田徑2-16號樂富大廈地下6號鋪,"SHOP 6, G/F, LOK FU BUILDING, 2-16 FUK TIN PATH, YUEN LONG, NEW TERRITORIES",3194801275,RR,,2026-12-19,22.4464294,114.0217386,2025-12-10,ChIJY70UVJ7wAzQR2w3EUl1M-Jw,3.9,3.0,68,thai_restaurant,"['thai_restaurant', 'restaurant', 'food', 'point_of_interest', 'establishment']",Standard,標準
泰中意,Thai Like Kitchen,沙田區,Sha Tin,97,新界沙田大圍田心村254號地下,"G/F, 254 TIN SAM VILLAGE, TAI WAI, SHA TIN, NEW TERRITORIES",2297803177,RL,,2026-10-01,22.3694755,114.1780266,2025-11-04,ChIJ28uRSsAHBDQR5ri_GVDjrKE,4.5,0.0,131,thai_restaurant,"['thai_restaurant', 'restaurant', 'food', 'point_of_interest', 'establishment']",Pun,食字
樹屋泰廚,TREE HOUSE THAI KITCHEN,旺角區,Mong Kok,62,九龍旺角洗衣街39-55號金雞廣場19樓15-17室,"FLAT 15-17, 19/F, GOLDEN ERA PLAZA, 39-55 SAI YEE STREET, MONG KOK, KOWLOON",3162802895,RR,,2026-09-09,22.3183665,114.1717566,2025-09-18,ChIJVdbnW1MBBDQRKOQXdM0lf74,4.6,0.0,20,thai_restaurant,"['thai_restaurant', 'restaurant', 'food', 'point_of_interest', 'establishment']",Standard,標準
泰斗,Thai Master,油尖區,Yau Tsim,61,九龍尖沙咀海防道38-40號中達大廈4樓及平台露天座位,"4/F AND THE OUTSIDE SEATING ACCOMMODATION AT FLAT ROOF, ZHONGDA BUILDING, 38-40 HAIPHONG ROAD, TSIM SHA TSUI, KOWLOON",2261808199,RL,#A#F#G,2026-04-18,22.2979307,114.1706786,2025-03-24,ChIJ9cjTfu0ABDQREpeeWligo0g,4.1,3.0,405,thai_restaurant,"['thai_restaurant', 'restaurant', 'food', 'point_of_interest', 'establishment']",Pun,食字
金柚泰菜,POMELO THAI RESTAURANT,旺角區,Mong Kok,62,九龍大角咀樂群街7號地下,"G/F, 7 LOK KWAN STREET, TAI KOK TSUI, KOWLOON",2262810069,RL,,2026-08-31,22.322821,114.1608892,2025-08-27,ChIJEUhvuLAABDQRhzwGD3UqiKc,4.0,3.0,124,thai_restaurant,"['thai_restaurant', 'restaurant', 'point_of_interest', 'food', 'establishment']",Standard,標準
泰嘉雯,泰嘉雯,旺角區,Mong Kok,62,九龍大角咀欅街32號富多來新邨二期28號地下,"NO. 28, G/F, FU TOR LOY SUN CHUEN, STAGE 2, 32 BEECH STREET, TAI KOK TSUI, KOWLOON",3162802673,RR,,2026-04-09,22.3197018,114.1631407,2025-04-11,ChIJVTeLlLkABDQR5tkKNSIyJkA,3.8,2.0,149,thai_restaurant,"['thai_restaurant', 'restaurant', 'food', 'point_of_interest', 'establishment']",Standard,標準
泰皇閣泰國菜館,泰皇閣泰國菜館,九龍城區,Kowloon City,52,九龍九龍城衙前塱道15號地下,"G/F, NO. 15 NGA TSIN LONG ROAD, KOWLOON CITY, KOWLOON",2252804164,RL,,2026-04-13,22.328387,114.189147,2025-04-08,ChIJVz_vbRwHBDQR1OTVuMWZ180,4.0,3.0,451,thai_restaurant,"['thai_restaurant', 'restaurant', 'food', 'point_of_interest', 'establishment']",Standard,標準
昌發泰國粉麵屋,昌發泰國粉麵屋,九龍城區,Kowloon City,52,九龍九龍城城南道25號地下,"G/F, 25 SOUTH WALL ROAD, KOWLOON CITY, KOWLOON",2252804173,RL,#G,2026-04-16,22.3292708,114.1908705,2025-03-11,ChIJGz11oyoHBDQRlh7JtIxuCkE,3.9,3.0,651,thai_restaurant,"['thai_restaurant', 'restaurant', 'food', 'point_of_interest', 'establishment']",Standard,標準
新泰東南亞餐廳,SUN THAI RESTAURANT,西貢區,Sai Kung,98,新界西貢將軍澳唐賢街9號POPCORN F09號鋪,"SHOP UNIT F09, POPCORN, 9 TONG YIN STREET, TSEUNG KWAN O, SAI KUNG, NEW TERRITORIES",2298801868,RL,,2026-09-17,22.307521,114.259068,2026-01-26,ChIJJWcbPl0DBDQRY8OqbMC1tXE,3.8,0.0,48,thai_restaurant,"['thai_restaurant', 'restaurant', 'food', 'point_of_interest', 'establishment']",Standard,標準
泰識野,THAI SHAKE YEAH,元朗區,Yuen Long,94,新界元朗馬田路38號怡豐花園地下5號鋪,"SHOP 5, G/F, YEE FUNG GARDEN, 38 MA TIN ROAD, YUEN LONG, NEW TERRITORIES",2294803857,RL,,2026-04-22,22.4411898,114.0250036,2025-04-16,ChIJBdv23O3xAzQRutu5XCWzGro,2.4,0.0,40,asian_restaurant,"['asian_restaurant', 'restaurant', 'food', 'point_of_interest', 'establishment']",Pun,食字
泰美味,THAI MAY MAY,九龍城區,Kowloon City,52,九龍城龍崗道2-4號龍鳳樓地下A2鋪,"SHOP A2, G/F, LUNG FUNG HOUSE, 2-4 LUNG KONG ROAD, KOWLOON CITY, KOWLOON",2252803684,RL,,2026-05-20,22.328379,114.190549,2025-04-08,ChIJzxJ5sSoHBDQRRw5ezmzh-fg,4.1,2.0,99,thai_restaurant,"['thai_restaurant', 'restaurant', 'food', 'point_of_interest', 'establishment']",Standard,標準
阿根泰菜,THAI GUN,油尖區,Yau Tsim,61,九龍油麻地北海街10號四喜樓地下B鋪,"SHOP B, G/F, SAY HAY HOUSE, 10 PAK HOI STREET, YAU MA TEI, KOWLOON",3161804858,RR,,2026-10-17,22.3083159,114.1689457,2025-10-10,ChIJYW1vT2ABBDQRA6sXR_4hLHk,4.6,0.0,21,restaurant,"['restaurant', 'thai_restaurant', 'food', 'point_of_interest', 'establishment']",Standard,標準
泰國人海南雞,Koon Thai Hai Nam Chicken,深水埗區,Sham Shui Po,63,九龍深水埗福榮街72號地下,"G/F, KAM FOOK BUILDING, 72 FUK WING STREET, SHAM SHUI PO, KOWLOON",2263802928,RL,,2026-07-04,22.331714,114.163283,2025-06-25,ChIJuwgIuLQABDQRSALiYgX_Vvs,3.2,3.0,370,thai_restaurant,"['thai_restaurant', 'asian_restaurant', 'restaurant', 'food', 'point_of_interest', 'establishment']",Standard,標準
泰好味,THAI GOOD FOOD,九龍城區,Kowloon City,52,九龍九龍城城南道2-6A號地下3號舖,"SHOP 3, G/F, NOS. 2-6A SOUTH WALL ROAD, KOWLOON CITY, KOWLOON",2252803569,RL,,2027-01-23,22.328273,114.191015,2026-01-05,ChIJo0kHrSoHBDQRhAVyoWdsJic,4.0,3.0,226,thai_restaurant,"['thai_restaurant', 'restaurant', 'food', 'point_of_interest', 'establishment']",Pun,食字
金不換泰國餐廳,Sweet Basil Thai Cuisine,灣仔區,Wan Chai,12,香港銅鑼灣波斯富街99號利舞臺廣場7樓B舖,"SHOP B, 7/F., LEE THEATRE PLAZA, 99 PERCIVAL STREET, CAUSEWAY BAY, HONG KONG",2212810286,RL,,2026-09-29,22.2782879,114.1831818,2025-09-09,ChIJbcqfL1EABDQRsUeDVN7sIlQ,3.9,0.0,214,thai_restaurant,"['thai_restaurant', 'asian_restaurant', 'restaurant', 'food', 'point_of_interest', 'establishment']",Standard,標準
康蘭泰式食,康蘭泰式食,離島區,Islands,17,香港長洲北社街62號地下,"G/F., NO. 62 PAK SHE STREET, CHEUNG CHAU, HONG KONG",2217801195,RL,,2026-09-13,22.21089,114.02845,2025-09-09,ChIJidrrrI1WATQR3XXlbsesOrQ,3.9,0.0,16,restaurant,"['restaurant', 'food', 'point_of_interest', 'establishment']",Standard,標準
泰屋,泰屋,九龍城區,Kowloon City,52,九龍九龍城城南道47號地下,"G/F, 47 SOUTH WALL ROAD, KOWLOON CITY, KOWLOON",3152801923,RR,,2026-10-05,22.3297635,114.1908769,2025-09-19,ChIJ22O2myoHBDQRtyR4RU5-zR0,3.9,0.0,301,thai_restaurant,"['thai_restaurant', 'restaurant', 'food', 'point_of_interest', 'establishment']",Standard,標準
泰禾小食,Thailand Food,葵青區,Kwai Tsing,91,新界葵涌大隴街153號怡勝花園地下7號鋪,"SHOP 7, G/F, VICTORY GARDEN, 153 TAI LOONG STREET, KWAI CHUNG, NEW TERRITORIES",3191800721,RR,,2026-08-21,22.3666635,114.1388029,2025-08-12,ChIJjYh-mrv5AzQR8GyU7z0BALY,3.5,0.0,30,restaurant,"['restaurant', 'food', 'point_of_interest', 'establishment']",Standard,標準
金麥泰泰國菜館,GOLDEN WHEAT THAI RESTAURANT,九龍城區,Kowloon City,52,九龍九龍城福佬村道12號博林軒地下B及C舖,"SHOP B & C, G/F, OXFORD HEIGHTS, 12 FUK LO TSUN ROAD, KOWLOON CITY, KOWLOON",2252803417,RL,,2026-10-02,22.3281146,114.1877565,2026-01-20,ChIJ1815wCoHBDQR_cWBih7Zguc,3.9,3.0,301,thai_restaurant,"['thai_restaurant', 'restaurant', 'food', 'point_of_interest', 'establishment']",Standard,標準
芭堤雅泰國菜,PATTAYA THAI HOUSE,元朗區,Yuen Long,94,新界元朗元朗安樂路1-11號明珠樓地下1號舖,"SHOP 1,  GROUND FLOOR, PEARL HOUSE, 1-11 YUEN LONG ON LOK ROAD, YUEN LONG, NEW TERRITORIES",2294804106,RL,,2026-09-09,22.444876,114.0320293,2025-07-25,ChIJrxcsIafwAzQRPfysCKRXngs,4.0,3.0,334,thai_restaurant,"['thai_restaurant', 'restaurant', 'food', 'point_of_interest', 'establishment']",Standard,標準
泰寫意,泰寫意,葵青區,Kwai Tsing,91,新界葵涌葵盛西邨商場三樓第28號舖,"SHOP NO.  28, 2/F, SHOPPING CENTRE, KWAI SHING WEST ESTATE, KWAI CHUNG, NEW TERRITORIES",2291801887,RL,,2026-08-13,22.3606969,114.1227167,2025-08-01,ChIJgdbrf5X4AzQRPh0fZgCgR1Q,3.7,0.0,33,thai_restaurant,"['thai_restaurant', 'restaurant', 'food', 'point_of_interest', 'establishment']",Pun,食字
Thai Enjoy Bar,Thai Enjoy Bar,旺角區,Mong Kok,62,九龍旺角登打士街43H號登打士廣場8樓,"8/F, DUNDAS SQUARE, 43H DUNDAS STREET, MONG KOK, KOWLOON",3162803180,RR,,2026-09-15,22.3156968,114.1711296,2025-09-30,ChIJtfHpgA4BBDQRXL4-1ySS1Wc,4.6,0.0,49,massage,"['massage', 'service', 'point_of_interest', 'establishment']",English,英文
Tasty Thai Kitchen& Bar,Tasty Thai Kitchen& Bar,南區,Southern,15,香港赤柱佳美道23號赤柱廣場1樓113號舖,"SHOP NO. 113, 1/F, STANLEY PLAZA, 23 CARMEL ROAD, STANLEY, HONG KONG",2215801155,RL,,2027-02-21,22.2193417,114.2099012,2026-02-10,ChIJcTunHWyqBjQREeRu-QiVeEI,2.6,0.0,94,point_of_interest,"['point_of_interest', 'establishment']",English,英文
極品泰國菜館,GREAT THAI FOOD,旺角區,Mong Kok,62,九龍大角咀中滙街16號中美樓地下29號地舖,"SHOP 29, G/F, CHUNG MEI BUILDING, 16 CHUNG WUI STREET, TAI KOK TSUI, KOWLOON",2262810218,RL,,2026-12-14,22.3226383,114.1614402,2025-11-27,ChIJS4Yj2R8BBDQRwCWSLgoEYaA,4.1,0.0,133,halal_restaurant,"['halal_restaurant', 'restaurant', 'food', 'point_of_interest', 'establishment']",Standard,標準
泰風情正宗泰國菜館,泰風情正宗泰國菜館,九龍城區,Kowloon City,52,九龍九龍城衙前圍道62號地下及閣樓,"G/F. & C/L., NO. 62 NGA TSIN WAI ROAD, KOWLOON CITY, KOWLOON",2252805422,RL,,2026-04-21,22.329065,114.190603,2025-05-21,ChIJufdcgtUGBDQRo5k8cY1tGxI,3.7,0.0,123,thai_restaurant,"['thai_restaurant', 'restaurant', 'food', 'point_of_interest', 'establishment']",Pun,食字
泰式東王,THAI THUNG FON,九龍城區,Kowloon City,52,九龍九龍城南角道15號地下,"G/F, 15 NAM KOK ROAD, KOWLOON CITY, KOWLOON",3152802412,RR,,2026-04-19,22.3291212563792,114.189768146438,2025-04-16,ChIJbWODYnUHBDQRgKQzDIBoxyA,4.0,0.0,1,restaurant,"['restaurant', 'thai_restaurant', 'food', 'point_of_interest', 'establishment']",Standard,標準
真亞萊泰,真亞萊泰,元朗區,Yuen Long,94,新界元朗泰豐街1-5號遠東樓地下2號鋪,"SHOP 2, G/F, YUEN TUNG BUILDING, 1-5 TAI FUNG STREET, YUEN LONG, NEW TERRITORIES",2294804197,RL,,2026-12-11,22.4459795,114.029869,2025-10-20,ChIJwe0CczPxAzQR3OdXZ0oFams,4.2,0.0,9,restaurant,"['restaurant', 'food', 'point_of_interest', 'establishment']",Standard,標準
泰出色泰國餐廳,泰出色泰國餐廳,灣仔區,Wan Chai,12,香港北角電器道80-86號成功樓地下A及B舖,"SHOP A & B, G/F., SHING KUNG MANSION, NO. 80-86 ELECTRIC ROAD, NORTH POINT, HONG KONG",2211803481,RL,,2026-07-10,22.284443,114.1918435,2025-07-10,ChIJo08gHwABBDQRfMpNTvaQEgI,3.3,3.0,369,thai_restaurant,"['thai_restaurant', 'asian_restaurant', 'restaurant', 'food', 'point_of_interest', 'establishment']",Pun,食字
源泰海南雞,YUEN. THAI,元朗區,Yuen Long,94,新界元朗天水圍嘉湖山莊樂湖居 新北江商場地下A149-152號鋪,"SHOP NO. A149-152, G/F, THE COMMERCIAL DEVELOPMENT, LOCWOOD COURT, KINGSWOOD VILLAS, TIN SHUI WAI, YUEN LONG, NEW TERRITORIES",2294805525,RL,,2026-06-01,22.4515825,114.0014174,2025-07-14,ChIJwVFZD37wAzQRfexEP497igc,3.9,0.0,24,thai_restaurant,"['thai_restaurant', 'restaurant', 'food', 'point_of_interest', 'establishment']",Standard,標準
泰發泰國餐廳,泰發泰國餐廳,元朗區,Yuen Long,94,新界元朗鳳群街2號年發大廈地下3-4號鋪,"SHOP 3-4, G/F, LIN FAT BUILDING, 2 FUNG KWAN STREET, YUEN LONG, NEW TERRITORIES",2294803644,RL,#G,2026-11-27,22.4424266,114.0349795,2025-10-23,ChIJhaNujqfwAzQRrNW3LLIF9JQ,3.9,0.0,32,thai_restaurant,"['thai_restaurant', 'restaurant', 'food', 'point_of_interest', 'establishment']",Pun,食字
泰味屋,BAAN RAO,離島區,Islands,17,新界梅窩碼頭路11號銀輝大廈D座地下D舖,"SHOP D, G/F., BLOCK D, GRANDVIEW MANSION, 11 MUI WO FERRY PIER ROAD, NEW TERRITORIES",2217801441,RL,,2026-12-30,22.2645036325774,114.000609509947,2026-02-04,ChIJDXMkCphXATQR_aXJaOguPXU,4.8,0.0,441,thai_restaurant,"['thai_restaurant', 'restaurant', 'food', 'point_of_interest', 'establishment']",Standard,標準
My Thai,My Thai,離島區,Islands,17,新界東涌東涌海濱路12號藍天海岸商場地下9A1舖,"SHOP 9A1, G/F., THE COMMERCIAL DEVELOPMENT COASTAL SKYLINE, NO. 12 TUNG CHUNG WATERFRONT ROAD, TUNG CHUNG, NEW TERRITORIES",2217801681,RL,,2026-11-26,22.292516,113.94527,2026-01-05,ChIJiapU7rDiAzQR275SBXxIxTk,3.8,3.0,262,thai_restaurant,"['thai_restaurant', 'restaurant', 'food', 'point_of_interest', 'establishment']",English,英文
泰星匯泰國菜,Thai Sparkle Food,葵青區,Kwai Tsing,91,"新界葵涌信芳街30,36,40,42號濠勝閣地下D鋪","SHOP D, G/F, VICTORY COURT, 30, 36, 40, 42 SHUN FONG STREET, KWAI CHUNG, NEW TERRITORIES",2291802428,RL,,2026-04-09,22.359697,114.1264243,2025-03-07,ChIJnaKc5L34AzQRu-9zLhVygSc,3.5,3.0,339,thai_restaurant,"['thai_restaurant', 'restaurant', 'food', 'point_of_interest', 'establishment']",Standard,標準
越港泰特食,VIET & THAI FOOD,旺角區,Mong Kok,62,九龍大角咀大全街13號大有樓地下A鋪,"SHOP A, G/F, TAI YAU BUILDING, 13 TAI TSUN STREET, TAI KOK TSUI, KOWLOON",3162804086,RR,,2027-01-18,22.3218768,114.1615467,2026-01-30,ChIJf9uBZnABBDQRqWNpmMWmOyA,5.0,0.0,8,restaurant,"['restaurant', 'food', 'point_of_interest', 'establishment']",Standard,標準
泰象,泰象,油尖區,Yau Tsim,61,九龍尖沙咀金巴利道75號東南大廈1樓,"1/F, SOUTH EAST MANSION, NO. 75 KIMBERLEY ROAD, TSIM SHA TSUI, KOWLOON",2261814055,RL,,2027-01-23,22.3017236,114.1752369,2026-01-23,ChIJyVS6UoUBBDQRAeWQLb54ORY,4.9,0.0,9,thai_restaurant,"['thai_restaurant', 'restaurant', 'food', 'point_of_interest', 'establishment']",Standard,標準
水門泰式海南雞飯專門店,水門泰式海南雞飯專門店,東區,Eastern,11,香港筲箕灣筲箕灣道57-87號太安樓地下A38鋪,"SHOP A38, G/F., TAI ON BUILDING, 57-87 SHAU KEI WAN ROAD, SHAU KEI WAN, HONG KONG",2211805593,RL,,2027-02-09,22.2828742,114.2220997,2026-02-10,ChIJeUfSX8wBBDQRHhOOCXycp_Q,3.5,0.0,18,chicken_restaurant,"['chicken_restaurant', 'restaurant', 'food', 'point_of_interest', 'establishment']",Standard,標準
金邊粉泰國菜,PAD THAI RESTAURANT,北區,North,96,新界粉嶺聯和道13號地下,"G/F, 13 LUEN WO ROAD, FANLING, NEW TERRITORIES",2296801679,RL,,2027-03-15,22.4977051,114.1426458,2026-02-26,ChIJ3W8e4R32AzQRUqi3zTSqows,3.9,3.0,613,thai_restaurant,"['thai_restaurant', 'restaurant', 'food', 'point_of_interest', 'establishment']",Standard,標準
泰亞萊,泰亞萊,九龍城區,Kowloon City,52,九龍九龍城紅磡庇利街32號地下,"G/F, 32 BAILEY STREET, HUNG HOM, KOWLOON CITY, KOWLOON",2252804696,RL,,2027-02-02,22.3121659,114.1886027,2025-12-24,ChIJwQWH19gABDQRUqpJZCJk3EY,4.5,2.0,650,thai_restaurant,"['thai_restaurant', 'restaurant', 'food', 'point_of_interest', 'establishment']",Standard,標準
泰國廚子,Thai Chef,沙田區,Sha Tin,97,新界沙田馬鞍山烏溪沙路8號迎海薈商場二樓5號鋪,"SHOP NO. 5, 2/F, DOUBLE COVE PLACE, 8 WU KAI SHA ROAD, MA ON SHAN, SHA TIN, NEW TERRITORIES",2297804435,RL,,2027-03-28,22.4300282,114.2432523,2026-02-16,ChIJoUiwbEoPBDQREfFg5gDQtNE,3.0,0.0,81,thai_restaurant,"['thai_restaurant', 'restaurant', 'food', 'point_of_interest', 'establishment']",Standard,標準
泰正斗,泰正斗,北區,North,96,新界上水馬會道158號地下,"G/F, 158 JOCKEY CLUB ROAD, SHEUNG SHUI, NEW TERRITORIES",2296801846,RL,,2026-11-27,22.5046265397296,114.129990472655,2025-10-16,ChIJ5WlsLgD3AzQRhG0uqrZ1wx4,4.1,0.0,27,restaurant,"['restaurant', 'thai_restaurant', 'food', 'point_of_interest', 'establishment']",Pun,食字
馬泰,MA THAI,灣仔區,Wan Chai,12,香港銅鑼灣洛克道408號地下,"G/F., 408 LOCKHART ROAD, CAUSEWAY BAY, HONG KONG",2212810602,RL,,2026-12-28,22.279584,114.1804424,2025-12-24,ChIJYeYBPWABBDQRhEIQoxiT8vc,3.6,0.0,109,thai_restaurant,"['thai_restaurant', 'restaurant', 'food', 'point_of_interest', 'establishment']",Standard,標準
泰國大城船麵,泰國大城船麵,灣仔區,Wan Chai,12,香港銅鑼灣謝斐道483-499號新城大廈地下G及H舖,"SHOP NOS. G & H, G/F., CITY MANSION, NOS. 483-499 JAFFE ROAD, CAUSEWAY BAY, HONG KONG",2212812334,RL,,2026-04-28,22.2812237,114.1828103,2025-04-28,ChIJ80VzAcIBBDQRbs55YV_rogE,3.4,0.0,188,thai_restaurant,"['thai_restaurant', 'restaurant', 'food', 'point_of_interest', 'establishment']",Standard,標準
Lemon Thai Restaurant,Lemon Thai Restaurant,九龍城區,Kowloon City,52,九龍九龍城城南道38及40號地下,"G/F, 38-40 SOUTH WALL ROAD, KOWLOON CITY, KOWLOON",2252805088,RL,#G#H,2026-09-22,22.3294423,114.1910899,2025-09-11,ChIJ3VrjmCoHBDQRc8uDGzxsZQk,3.8,3.0,307,thai_restaurant,"['thai_restaurant', 'restaurant', 'food', 'point_of_interest', 'establishment']",English,英文
泰火,THAI FIRE,觀塘區,Kwun Tong,51,九龍觀塘開源道71號王子大廈九樓A單位,"UNIT A, 9/F, WONG TZE BUILDING, 71 HOI YUEN ROAD, KWUN TONG, KOWLOON",2251805443,RL,,2026-10-05,22.311084,114.2250719,2025-09-04,ChIJCfAWy6IBBDQRqBopskNOtRk,4.3,0.0,140,thai_restaurant,"['thai_restaurant', 'restaurant', 'food', 'point_of_interest', 'establishment']",Standard,標準
雄泰粉麵,Hung Tai Restaurant,北區,North,96,新界粉嶺和泰街21號地下,"G/F, 21 WO TAI STREET, FANLING, NEW TERRITORIES",2296801730,RL,,2026-07-25,22.4992319,114.1417051,2025-07-02,ChIJRZLouR32AzQRGQOPoYgCZZU,4.0,2.0,551,thai_restaurant,"['thai_restaurant', 'restaurant', 'food', 'point_of_interest', 'establishment']",Standard,標準
晴苑泰國菜,Sunny Thai Restaurant,旺角區,Mong Kok,62,九龍旺角大角咀鐵樹街9號金旺閣地下10號舖,"SHOP 10, G/F, KING WANG HEIGHTS, 9 TIT SHU STREET, TAI KOK TSUI, MONG KOK, KOWLOON",2262813536,RL,#G#H,2026-07-17,22.3190062,114.1632286,2025-07-14,ChIJ5fVU1TcBBDQRBbS3KiUJ5J4,4.5,0.0,12,thai_restaurant,"['thai_restaurant', 'restaurant', 'food', 'point_of_interest', 'establishment']",Standard,標準
泰聚,Thai Gather,旺角區,Mong Kok,62,九龍旺角花園街239號嘉慶苑地下A舖,"SHOP A, G/F, GARDEN HEIGHTS, NO. 239 FA YUEN STREET, MONG KOK, KOWLOON",2262812898,RL,#G,2026-11-05,22.3261569,114.1695621,2025-10-20,ChIJn60JekwBBDQRUiMldF6aMLs,3.9,0.0,260,thai_restaurant,"['thai_restaurant', 'restaurant', 'food', 'point_of_interest', 'establishment']",Standard,標準
泰鬼汁,泰鬼汁,元朗區,Yuen Long,94,新界元朗俊賢坊18號權益大樓地下8號鋪,"SHOP NO. 8, G/F, KUEN YICK BUILDING, 18 CHUN YIN SQUARE, YUEN LONG, NEW TERRITORIES",3194802737,RR,,2026-04-19,22.4464538,114.0231091,2026-01-20,ChIJm1Nz1SLxAzQRBt0UtTK9-Sk,4.7,0.0,28,thai_restaurant,"['thai_restaurant', 'restaurant', 'food', 'point_of_interest', 'establishment']",Standard,標準
泰地道,HOT BASIL,九龍城區,Kowloon City,52,九龍九龍城城南道63至71號地下2號舖,"SHOP 2, G/F, 63-71 SOUTH WALL ROAD, KOWLOON CITY, KOWLOON",2252806461,RL,,2026-04-17,22.3301373,114.1908899,2025-02-28,ChIJHYIXhSoHBDQRTSxR97W6dRM,4.1,0.0,135,thai_restaurant,"['thai_restaurant', 'restaurant', 'food', 'point_of_interest', 'establishment']",Pun,食字
金滿象正宗泰國菜,ICON THAI,旺角區,Mong Kok,62,九龍旺角廣華街2-20號 登打士街83-87號 翠園大樓第二期地下4號舖,"SHOP NO. 4, G/F, TSUI YUEN MANSION, BLOCK II, NOS. 83-87 DUNDAS STREET, NOS. 2-20 KWONG WA STREET, MONG KOK, KOWLOON",2262811965,RL,#G,2026-09-25,22.3158156,114.1727469,2025-10-16,ChIJPac6hcYABDQRAUJ8iiTmYuw,3.8,3.0,216,thai_restaurant,"['thai_restaurant', 'restaurant', 'food', 'point_of_interest', 'establishment']",Standard,標準
CoCo Tree Thai Restaurant,CoCo Tree Thai Restaurant,中西區,Central/Western,18,香港西營盤英華台1-6號華輝閣地下2-3號鋪,"SHOP 2 AND 3, G/F., WAH FAI COURT, 1-6 YING WA TERRACE, SAI YING PUN, HONG KONG",2218811500,RL,,2026-11-19,22.2847757,114.1423794,2025-11-11,ChIJj-Tpid3_AzQRfxyRusIGcxo,3.6,0.0,37,restaurant,"['restaurant', 'food', 'point_of_interest', 'establishment']",English,英文
泰好味,THAI ROS ZAB,中西區,Central/Western,18,香港西環荷蘭街1-11號建益大廈地下B鋪,"SHOP B, G/F., KIN YICK MANSION, 1-11 HOLLAND STREET, WESTERN, HONG KONG",2218811193,RL,,2026-07-17,22.2843058,114.1308129,2025-10-06,ChIJ53qQIJv_AzQRIVgqEoLgVO8,4.2,0.0,164,thai_restaurant,"['thai_restaurant', 'restaurant', 'food', 'point_of_interest', 'establishment']",Pun,食字
泰味道,THAI TASTE,東區,Eastern,11,香港筲箕灣筲箕灣東大街28-40A號 東興大廈地下12號鋪,"SHOP 12, G/F., TUNG HING BUILDING, NO. 28-40A SHAU KEI WAN MAIN STREET EAST, SHAU KEI WAN, HONG KONG",3111803285,RR,,2026-08-03,22.2800295,114.2301801,2025-08-01,ChIJCRqOkBIBBDQRl9fAnhVgDIY,4.7,0.0,21,thai_restaurant,"['thai_restaurant', 'restaurant', 'food', 'point_of_interest', 'establishment']",Standard,標準
泰潮,THAI CHIU,元朗區,Yuen Long,94,新界元朗八鄉竹坑新隆圍50號地下第111約第544號地段 的餘段,"LOT NO. 544 RP IN DD 111, G/F, 50 CHUK HANG SAN LUNG WAI, PAT HEUNG, YUEN LONG, NEW TERRITORIES",2294807309,RL,,2026-04-18,22.445437,114.097425,2025-05-02,ChIJjyS9iZ33AzQRV56NrKw8kX4,3.9,3.0,194,thai_restaurant,"['thai_restaurant', 'restaurant', 'food', 'point_of_interest', 'establishment']",Pun,食字
泰拍耶,Phaya Thai,九龍城區,Kowloon City,52,九龍紅磡黃埔花園第5期第一層地庫B02號鋪,"SHOP B02, BASEMENT 1, SITE 5, WHAMPOA GARDEN, HUNG HOM, KOWLOON",2252805802,RL,#G#H,2027-02-14,22.3040764995482,114.189956549561,2026-01-08,ChIJYYL8VwABBDQRBfbth5foe_I,2.0,0.0,1,thai_restaurant,"['thai_restaurant', 'restaurant', 'food', 'point_of_interest', 'establishment']",Standard,標準
孖女廚房泰好味,孖女廚房泰好味,深水埗區,Sham Shui Po,63,九龍深水埗元州街213號美居中心地下21號鋪,"SHOP 21, G/F, MANOR CENTRE, 213 UN CHAU STREET, SHAM SHUI PO, KOWLOON",3163801905,RR,,2026-05-23,22.3345126854527,114.160238695761,2025-05-13,ChIJx0UTCAAHBDQRMMghY4N5fEo,4.7,0.0,24,thai_restaurant,"['thai_restaurant', 'restaurant', 'food', 'point_of_interest', 'establishment']",Pun,食字
Tao's Thai Food,Tao's Thai Food,深水埗區,Sham Shui Po,63,九龍深水埗鴨寮街28-36號運福樓地下B舖,"SHOP B, G/F, FORTUNE MANSION, 28-36 APLIU STREET, SHAM SHUI PO, KOWLOON",3163801710,RR,,2026-05-24,22.3273731,114.1659278,2025-06-12,ChIJn7Vc_SUBBDQRIeQqq52HSgg,4.0,0.0,11,thai_restaurant,"['thai_restaurant', 'restaurant', 'food', 'point_of_interest', 'establishment']",English,英文
泰滋味水門雞專門店,泰滋味水門雞專門店,黃大仙區,Wong Tai Sin,53,九龍黃大仙銀鳳街12號地下,"G/F, 12 NGAN FUNG STREET, WONG TAI SIN, KOWLOON",3153800884,RR,,2026-05-22,22.3442471,114.1980519,2025-04-11,ChIJQ-8kRMQHBDQR9Gh4_FjXDsk,3.8,0.0,29,thai_restaurant,"['thai_restaurant', 'restaurant', 'food', 'point_of_interest', 'establishment']",Pun,食字
泰屋,SAWADEE THAI RESTAURANT,旺角區,Mong Kok,62,九龍旺角彌敦道726號二字樓,"2/F, 726 NATHAN ROAD, MONG KOK, KOWLOON",2262812603,RL,#G,2026-05-23,22.3212111,114.169166,2025-05-23,ChIJBcpPE8gABDQRedaVBUGEDJ8,3.9,3.0,523,thai_restaurant,"['thai_restaurant', 'restaurant', 'food', 'point_of_interest', 'establishment']",Standard,標準
Stanley P.P. (赤柱中泰美食),Stanley P.P. (赤柱中泰美食),南區,Southern,15,香港赤柱赤柱大街52-56號友誠樓地下上層,"UPPER G/F. , YAU SHING LAU, 52-56 STANLEY MAIN STREET, STANLEY, HONG KONG",2215801872,RL,,2026-04-26,22.2182205,114.2126492,2025-04-15,ChIJ6SyYfmuqBjQRuO1r93_YXnE,3.9,0.0,176,chinese_restaurant,"['chinese_restaurant', 'restaurant', 'food', 'point_of_interest', 'establishment']",Standard,標準
泰好食,泰好食,東區,Eastern,11,香港北角渣華道146-166號 嘉威大廈地下1B舖,"FLAT 1B, G/F., KA WAI BUILDING, NOS. 146-166 JAVA ROAD, NORTH POINT, HONG KONG",3111803513,RR,,2026-06-26,22.2923162,114.2010044,2025-12-09,ChIJWYu7FAkBBDQRqMzyWsXXP-A,4.7,0.0,16,thai_restaurant,"['thai_restaurant', 'restaurant', 'food', 'point_of_interest', 'establishment']",Pun,食字
泰叻泰越美食海南雞飯,Thai Viet Style,深水埗區,Sham Shui Po,63,九龍深水埗順寧道483號順景華庭地下2號鋪,"SHOP 2, G/F, THE SORENTINO, 483 SHUN NING ROAD, SHAM SHUI PO, KOWLOON",2263805565,RL,,2026-10-08,22.3399106,114.1551291,2025-10-03,ChIJJUv6VAAHBDQRGYNkRTfVC-A,3.5,0.0,17,thai_restaurant,"['thai_restaurant', 'restaurant', 'food', 'point_of_interest', 'establishment']",Pun,食字
金泰棧,Thai Restaurant & B.B.Q.,屯門區,Tuen Mun,93,"新界屯門屯利街1號華都花園第二層1,20及21號部份鋪","SHOP 1, 20 AND PORTION OF 21, LEVEL 2, WALDORF GARDEN, 1 TUEN LEE STREET, TUEN MUN, NEW TERRITORIES",2293804604,RL,,2026-07-08,22.392354,113.978549,2025-06-25,ChIJ_xD2O0b7AzQREhQgGswHYiU,3.9,0.0,23,thai_restaurant,"['thai_restaurant', 'restaurant', 'food', 'point_of_interest', 'establishment']",Pun,食字
美味的泰國菜,美味的泰國菜,深水埗區,Sham Shui Po,63,九龍深水埗元州街162-188號天悅廣場地下A8鋪,"SHOP A8, G/F, SMILING PLAZA, 162-188 UN CHAU STREET, SHAM SHUI PO, KOWLOON",3163801686,RR,,2027-03-20,22.3350001,114.1605063,2026-03-17,ChIJxTXidgAHBDQR9hpGp4EDnA4,4.6,0.0,125,thai_restaurant,"['thai_restaurant', 'restaurant', 'point_of_interest', 'food', 'establishment']",Standard,標準
Thai Basil,Thai Basil,離島區,Islands,17,香港長洲建新里9號地下,"G/F., 9 KIN SAN LANE, CHEUNG CHAU, HONG KONG",2217802444,RL,,2026-12-09,22.20583,114.02803,2026-01-07,ChIJA5hlTABXATQRL_AGkuRLGrA,4.8,0.0,25,thai_restaurant,"['thai_restaurant', 'restaurant', 'food', 'point_of_interest', 'establishment']",English,英文
Nara Thai,Nara Thai Cuisine,沙田區,Sha Tin,97,新界沙田 沙田正街18號  新城市廣場一期 5樓507號鋪,"SHOP 507, LEVEL 5, NEW TOWN PLAZA PHASE 1, 18 SHATIN CENTRE STREET, SHA TIN, NEW TERRITORIES",2297806130,RL,#G,2026-11-05,22.3817578,114.1886372,2025-10-31,ChIJMejFWNUHBDQRTD7N3lIrjlA,4.0,3.0,1014,thai_restaurant,"['thai_restaurant', 'restaurant', 'food', 'point_of_interest', 'establishment']",English,英文
Asok Thai Garden,Asok Thai Garden,油尖區,Yau Tsim,61,九龍尖沙咀亞士厘道29-39號九龍中心地下C鋪,"SHOP C, G/F, KOWLOON CENTRE, 29-39 ASHLEY ROAD, TSIM SHA TSUI, KOWLOON",2261815766,RL,,2026-06-05,22.2975863,114.1702704,2025-06-23,ChIJ06aVLZ4BBDQRGhSL1R9Jxkw,4.2,0.0,469,thai_restaurant,"['thai_restaurant', 'restaurant', 'food', 'point_of_interest', 'establishment']",English,英文
金坊泰國美食,金坊泰國美食,西貢區,Sai Kung,98,新界將軍澳TKOTL27新都城第二期第二層2016鋪,"SHOP 2016, LEVEL 2, MCP CENTRAL, TKOTL 27, TSEUNG KWAN O, NEW TERRITORIES",2298804308,RL,,2026-08-07,22.32351,114.25818,2025-10-03,ChIJHWz1EQwEBDQRHNaq71IChzE,3.6,3.0,434,thai_restaurant,"['thai_restaurant', 'restaurant', 'food', 'point_of_interest', 'establishment']",Standard,標準
泰式風味,泰式風味,油尖區,Yau Tsim,61,九龍尖沙咀漆咸圍1-3號多福大廈地下C鋪,"SHOP C, G/F, DOLFORD MANSION, 1-3 CHATHAM COURT, TSIM SHA TSUI, KOWLOON",2261815960,RL,,2026-08-08,22.301958,114.1758669,2025-08-07,ChIJsyuSnoMBBDQRpqVnlIg0xL8,4.7,0.0,211,restaurant,"['restaurant', 'food', 'point_of_interest', 'establishment']",Standard,標準
天龍泰越餐廳,天龍泰越餐廳,九龍城區,Kowloon City,52,"九龍何文田忠孝街60號愛民上邨地下熟食檔 5,6,7及8號檔","COOKED FOOD STALL NO. 5, 6, 7 & 8, G/F, UPPER OI MAN ESTATE, 60 CHUNG HAU STREET, HO MAN TIN, KOWLOON",2252806948,RL,,2026-04-22,22.31381,114.17816,2025-04-03,ChIJ4RnSSOABBDQRMWTmcy2P3bA,3.8,0.0,101,restaurant,"['restaurant', 'food', 'point_of_interest', 'establishment']",Standard,標準
泰然,Thai Yin,葵青區,Kwai Tsing,91,新界青衣擔桿山路6號長發廣場地下114B號鋪,"SHOP 114B, G/F, CHEUNG FAT PLAZA, 6 TAM KON SHAN ROAD, TSING YI, NEW TERRITORIES",2291803713,RL,#F#G#H,2027-02-21,22.3622626,114.1036172,2026-02-06,ChIJyyUahYH5AzQRBUmiD2rF1j0,4.2,0.0,183,thai_restaurant,"['thai_restaurant', 'restaurant', 'food', 'point_of_interest', 'establishment']",Standard,標準
泰濃麵,SIAM NOODLES,油尖區,Yau Tsim,61,九龍尖沙咀樂道7A號嘉樂大廈地下,"G/F, KARLOCK BUILDING, 7A LOCK ROAD, TSIM SHA TSUI, KOWLOON",3161808018,RR,,2026-05-02,22.2968984,114.1714547,2025-05-07,ChIJa3k2WIQBBDQRFjZSuoVG5tA,4.3,3.0,814,thai_restaurant,"['thai_restaurant', 'restaurant', 'food', 'point_of_interest', 'establishment']",Standard,標準
泰國素食,泰國素食,九龍城區,Kowloon City,52,九龍九龍城城南道28號昌旺樓地下,"G/F, CHEONG WONG BUILDING, 28 SOUTH WALL ROAD, KOWLOON CITY, KOWLOON",2252806850,RL,,2027-02-27,22.3292,114.191128,2026-01-06,ChIJHfPPwCoHBDQRtTNZXStdi7o,4.3,3.0,315,vegan_restaurant,"['vegan_restaurant', 'vegetarian_restaurant', 'restaurant', 'food', 'point_of_interest', 'establishment']",Standard,標準
泰亞萊海南雞專門店(深水埗店),泰亞萊海南雞專門店(深水埗店),深水埗區,Sham Shui Po,63,九龍深水埗福榮街97號地下,"G/F, 97 FUK WING STREET, SHAM SHUI PO, KOWLOON",2263806230,RL,,2027-01-16,22.3314398414286,114.16324445729,2026-03-16,ChIJqeH-z_oBBDQRg0fvdYF1V_8,3.9,0.0,67,thai_restaurant,"['thai_restaurant', 'restaurant', 'food', 'point_of_interest', 'establishment']",Standard,標準
泰然,Thai Yin,觀塘區,Kwun Tong,51,九龍觀塘利安道15號順利邨利業樓F3樓 D11及D12舖,"SHOP NOS. D11 AND D12, F3 FLOOR, LEE YIP HOUSE, SHUN LEE ESTATE, 15 LEE ON ROAD, KWUN TONG, KOWLOON",2251807379,RL,,2026-10-03,22.3318296,114.2256291,2025-08-29,ChIJl9ytsGoHBDQRp5aHcLKxQAc,4.2,0.0,68,thai_restaurant,"['thai_restaurant', 'restaurant', 'food', 'point_of_interest', 'establishment']",Standard,標準
(屯門)小曼谷泰國菜,Small Bangkok Thai Restaurant,屯門區,Tuen Mun,93,新界屯門青善街4-70號康景花園地下19-21號鋪,"SHOP 19-21, G/F, HONG KING GARDEN, 4-70 TSING SIN STREET, TUEN MUN, NEW TERRITORIES",2293804941,RL,,2027-03-20,22.3854424,113.9799861,2026-03-09,ChIJ7ZPrGhX7AzQRYXZmY4-cIZs,3.8,0.0,212,thai_restaurant,"['thai_restaurant', 'restaurant', 'food', 'point_of_interest', 'establishment']",Standard,標準
新泰東南亞餐廳,SUN THAI RESTAURANT,沙田區,Sha Tin,97,新界馬鞍山西沙路608號馬鞍山廣場第二層259號鋪 及部份260號鋪,"SHOP 259 & PORTION OF SHOP 260, LEVEL 2, MA ON SHAN PLAZA, 608 SAI SHA ROAD, MA ON SHAN, NEW TERRITORIES",2297807203,RL,#G,2027-04-14,22.4254549,114.2317218,2026-03-03,ChIJ02F4DbEIBDQRjgmUy00s2jM,3.7,3.0,196,thai_restaurant,"['thai_restaurant', 'restaurant', 'food', 'point_of_interest', 'establishment']",Standard,標準
新泰東南亞餐廳,SUN THAI RESTAURANT,油尖區,Yau Tsim,61,九龍尖沙咀加拿分道25至31號國際商業信貸銀行大廈 地下1A舖及地庫,"SHOP 1A, G/F., & B/F, BCC BUILDING, 25-31 CARNARVON ROAD, TSIM SHA TSUI, KOWLOON",2261816936,RL,#G,2026-06-10,22.2981892,114.1737769,2025-06-05,ChIJpS0Qm9YBBDQRGPpcSuKp_nc,4.0,3.0,1025,thai_restaurant,"['thai_restaurant', 'restaurant', 'food', 'point_of_interest', 'establishment']",Standard,標準
阿閒泰,AHAN THAI,油尖區,Yau Tsim,61,九龍尖沙咀河內道18號 K11 2樓 219&220號舖,"SHOP NOS. 219 & 220 ON LEVEL 2 OF K11, NO. 18 HANOI ROAD, TSIM SHA TSUI, KOWLOON",2261818224,RL,#G,2026-04-22,22.2974299,114.1737537,2025-03-12,ChIJMbCCOk8BBDQRI4q1Uufld7U,3.8,0.0,327,thai_restaurant,"['thai_restaurant', 'restaurant', 'food', 'point_of_interest', 'establishment']",Standard,標準
555 Thai Fusion,555 Thai Fusion,觀塘區,Kwun Tong,51,九龍官塘牛頭角道77號  淘大商場第二期G234-237號舖,"SHOP NO. G234-237, G/F, PHASE 2, AMOY PLAZA, 77 NGAU TAU KOK ROAD, KWUN TONG, KOWLOON",2251807892,RL,,2026-05-21,22.3241301,114.2164347,2025-05-14,ChIJT68_XgAHBDQR81YjvftaMTs,2.4,0.0,30,thai_restaurant,"['thai_restaurant', 'restaurant', 'food', 'point_of_interest', 'establishment']",English,英文
泰原味,Thai Cuisine,西貢區,Sai Kung,98,新界西貢將軍澳健明邨彩明商場(擴建部份)2樓250號鋪,"SHOP NO. 250, 2/F, CHOI MING SHOPPING CENTRE (EXTENSION), KIN MING ESTATE, TSEUNG KWAN O, SAI KUNG, NEW TERRITORIES",2298804706,RL,,2026-04-19,22.3060752,114.2524067,2025-05-21,ChIJZ_28CH4DBDQRcDgrA4L3ps0,3.0,0.0,177,thai_restaurant,"['thai_restaurant', 'restaurant', 'food', 'point_of_interest', 'establishment']",Standard,標準
茶泰&意樂,Cha Tai & Itamomo,東區,Eastern,11,香港北角英皇道560號健威坊地下上層U26鋪,"SHOP U26, UG/F., FITFORT, 560 KING'S ROAD, NORTH POINT, HONG KONG",2211809425,RL,,2026-06-20,22.2913816,114.2037008,2025-06-19,ChIJ18gl9g8BBDQRZBbpmphbB9A,3.5,0.0,82,thai_restaurant,"['thai_restaurant', 'restaurant', 'food', 'point_of_interest', 'establishment']",Standard,標準
中泰味美,中泰味美,九龍城區,Kowloon City,52,九龍土瓜灣美景街5號地下,"G/F, NO. 5 MEI KING STREET, TO KWA WAN, KOWLOON",2252807987,RL,,2026-06-23,22.3162031575129,114.190298757001,2025-06-23,ChIJbc-BAtgABDQRUaEMJ0b4SL4,3.7,0.0,71,thai_restaurant,"['thai_restaurant', 'restaurant', 'food', 'point_of_interest', 'establishment']",Standard,標準
青悅越泰料理,Lime Garden (Sky) +,離島區,Islands,17,香港大嶼山香港國際機場一號客運大樓8樓 8T011及8T012號鋪,"UNIT NO. 8T011 & 8T012, LEVEL 8, TERMINAL 1, HONG KONG INTERNATIONAL AIRPORT, LANTAU ISLAND, HONG KONG",2217802356,RL,#G,2026-09-12,22.3154717238311,113.935135509964,2025-08-27,ChIJ1Qlifa3jAzQRpG7tdmDFaho,2.4,0.0,177,vietnamese_restaurant,"['vietnamese_restaurant', 'thai_restaurant', 'restaurant', 'food', 'point_of_interest', 'establishment']",Standard,標準
尚蓮越泰料理,Lian Vietnamese & Thai Cuisine,離島區,Islands,17,香港大嶼山東涌達東路18-20號 東薈城4樓401號舖及鋪前露天座位間,"SHOP 401, 4/F., AND THE OUTSIDE SEATING ACCOMODATIONAT SHOP FRONT, CITYGATE, 18-20 TAT TUNG ROAD, TUNG CHUNG, LANTAU ISLAND, HONG KONG",2217802860,RL,#A#G,2026-07-02,22.2897641000029,113.941297510507,2025-06-30,ChIJN3EtXQXjAzQR52iLzuShCWI,3.2,0.0,97,restaurant,"['restaurant', 'food', 'point_of_interest', 'establishment']",Standard,標準
泰金鍋,泰金鍋泰式火鍋放題 THAIPOT,荃灣區,Tsuen Wan,92,新界荃灣   海之戀商場 1樓 1009-1010號鋪,"SHOP NOS. 1009-1010, 1/F, OP MALL, TSUEN WAN, NEW TERRITORIES",2292807873,RL,,2027-03-03,22.3680338,114.1102967,2026-03-04,ChIJp-ILjWL5AzQRws_GRUL4voc,4.5,3.0,432,hot_pot_restaurant,"['hot_pot_restaurant', 'restaurant', 'food', 'point_of_interest', 'establishment']",Standard,標準
R.T. 泰國美食 ②,Rim Taang Thai BBQ 2,九龍城區,Kowloon City,52,九龍紅磡蕪湖街104號地下,"G/F, 104 WUHU STREET, HUNG HOM, KOWLOON",2252807747,RL,,2027-01-06,22.30833,114.184552,2025-12-23,ChIJ_6OSbbYBBDQRxC8Cq8TNbfM,4.0,0.0,50,thai_restaurant,"['thai_restaurant', 'restaurant', 'food', 'point_of_interest', 'establishment']",Standard,標準
喜泰味,HEY THAIMATE RESTAURANT,深水埗區,Sham Shui Po,63,九龍深水埗東京街12號 麗閣邨麗閣商場地下29號鋪,"SHOP NO. 29, G/F, LAI KOK SHOPPING CENTRE, LAI KOK ESTATE, 12 TONKIN STREET, SHAM SHUI PO, KOWLOON",2263807941,RL,,2026-06-14,22.333873,114.157342,2025-06-10,ChIJ56Aa5ugBBDQReKR8r_EL--Q,3.2,0.0,101,thai_restaurant,"['thai_restaurant', 'restaurant', 'food', 'point_of_interest', 'establishment']",Standard,標準
泰爸爸,Phat Papa Restaurant,旺角區,Mong Kok,62,九龍大角咀海泓道1號奧海城三期地下G26號舖及舖前露天座位,"SHOP G26 AND THE OUTSIDE SEATING ACCOMMODATION AT SHOP FRONT, G/F, OLYMPIAN CITY 3, 1 HOI WANG ROAD, TAI KOK TSUI, KOWLOON",2262815198,RL,#A,2026-10-06,22.3174791,114.1647565,2025-10-02,ChIJy3J_-bgABDQR7OCDG-IqFpg,4.0,0.0,40,thai_restaurant,"['thai_restaurant', 'restaurant', 'food', 'point_of_interest', 'establishment']",Standard,標準
泰原味,泰原味,深水埗區,Sham Shui Po,63,九龍深水埗富昌邨 南昌薈1樓F117及F118號舖,"SHOP NOS. F117 & F118, 1/F, NAM CHEONG PLACE, FU CHEONG ESTATE, SHAM SHUI PO, KOWLOON",2263807084,RL,,2027-03-22,22.3286528,114.1546569,2026-03-04,ChIJHXHFD64ABDQREyJiVxMOxJk,2.8,0.0,45,point_of_interest,"['point_of_interest', 'establishment']",Standard,標準
泰嘟嘟,Thai Tuk Tuk,旺角區,Mong Kok,62,九龍大角咀利得街14號地下,"G/F, 14 LI TAK STREET, TAI KOK TSUI, KOWLOON",2262814423,RL,,2026-09-02,22.3209979,114.1614217,2025-08-29,ChIJYZlq0CYBBDQRCoTymCpFAss,4.1,0.0,189,thai_restaurant,"['thai_restaurant', 'restaurant', 'food', 'point_of_interest', 'establishment']",Standard,標準
亞泰,A HAYA,西貢區,Sai Kung,98,新界西貢將軍澳康城路1號康城3樓344號鋪,"SHOP UNIT 344, LEVEL 3 , THE LOHAS, NO. 1 LOHAS PARK ROAD, TSEUNG KWAN O, SAI KUNG, NEW TERRITORIES",2298805374,RL,#G,2027-04-15,22.2968981,114.2699173,2026-03-06,ChIJMy5q308DBDQRmdW_RTZ12ZE,2.5,0.0,46,thai_restaurant,"['thai_restaurant', 'restaurant', 'food', 'point_of_interest', 'establishment']",Standard,標準
泰金鍋,泰金鍋,旺角區,Mong Kok,62,九龍旺角彌敦道601號創興廣場6樓,"6/F, CHONG HING SQUARE, NO. 601 NATHAN ROAD, MONG KOK, KOWLOON",2262814469,RL,#G#H,2026-09-19,22.3162402,114.1697037,2025-09-18,ChIJDcyF8NkBBDQR0t8JGeGpEqM,4.4,3.0,622,hot_pot_restaurant,"['hot_pot_restaurant', 'restaurant', 'food', 'point_of_interest', 'establishment']",Standard,標準
泰識野,THAI SHAKE YEAH,屯門區,Tuen Mun,93,新界屯門海皇路23號御海灣地下3及4號舖,"SHOP NOS. 3 & 4, G/F., REGENCY BAY, 23 HOI WONG ROAD, TUEN MUN, NEW TERRITORIES",2293806150,RL,,2027-02-09,22.381039,113.9706244,2026-02-09,ChIJCW3gLgD7AzQREMVmhC-3JN0,2.7,0.0,6,asian_restaurant,"['asian_restaurant', 'restaurant', 'food', 'point_of_interest', 'establishment']",Pun,食字
Tommy Yummy Thai Café,Tommy Yummy Thai Café,西貢區,Sai Kung,98,新界西貢將軍澳 康城路1號  康城 3樓352A號鋪,"SHOP UNIT 352A, LEVEL 3, THE LOHAS , NO. 1 LOHAS PARK ROAD, TSEUNG KWAN O, SAI KUNG, NEW TERRITORIES",2298805611,RL,,2026-07-18,22.2968981,114.2699173,2025-07-07,ChIJL48m1ZgDBDQRmxW1Bdzj2c4,3.3,0.0,73,thai_restaurant,"['thai_restaurant', 'restaurant', 'food', 'point_of_interest', 'establishment']",English,英文
燒得起泰道,燒得起泰道,深水埗區,Sham Shui Po,63,九龍深水埗青山道155-181號天悅廣場地下B2號舖,"SHOP NO. B2, G/F, SMILING PLAZA, 155-181 CASTLE PEAK ROAD, SHAM SHUI PO, KOWLOON",2263808175,RL,#G#H,2027-01-04,22.3351446,114.1601917,2026-01-13,ChIJ3Vd4FAAHBDQRjxWGG3YGyB8,4.8,0.0,6,thai_restaurant,"['thai_restaurant', 'restaurant', 'food', 'point_of_interest', 'establishment']",Pun,食字
泰潮,THAI CHIU,葵青區,Kwai Tsing,91,新界葵涌興芳路223號新都會廣場第一層167號鋪,"SHOP 167, LEVEL 1, METROPLAZA, 223 HING FONG ROAD, KWAI CHUNG, NEW TERRITORIES",2291804628,RL,,2027-01-17,22.3574339,114.1261909,2026-03-04,ChIJadaJCi75AzQR6xjWiXbk9Pg,2.3,0.0,57,thai_restaurant,"['thai_restaurant', 'restaurant', 'food', 'point_of_interest', 'establishment']",Pun,食字
隆姐泰國美食館,PEE LONG THAI TRADITIONAL FOOD,九龍城區,Kowloon City,52,九龍九龍城南角道21-23號地下,"G/F, 21-23 NAM KOK ROAD, KOWLOON CITY, KOWLOON",2252807251,RL,#G,2026-10-31,22.3286158926054,114.189750957384,2025-10-06,ChIJ90RgMtUABDQRNbhQAUQi1kk,3.8,3.0,422,thai_restaurant,"['thai_restaurant', 'restaurant', 'food', 'point_of_interest', 'establishment']",Standard,標準
泰開心泰菜館,泰開心泰菜館,九龍城區,Kowloon City,52,九龍九龍城打鼓嶺道3-7號地下B鋪,"SHOP B, G/F, NOS. 3-7 TAK KU LING ROAD, KOWLOON CITY, KOWLOON",2252807659,RL,,2026-08-19,22.3284383,114.1913573,2025-08-06,ChIJpWZJqCoHBDQRZmrYpYVMceU,4.2,0.0,105,thai_restaurant,"['thai_restaurant', 'restaurant', 'food', 'point_of_interest', 'establishment']",Pun,食字
辣椒醬泰國菜,CHILLI PASTE,元朗區,Yuen Long,94,新界元朗元朗安樂路1-11A號明珠樓A座地下2-3號鋪,"SHOP 2-3, G/F, BLOCK A PEARL HOUSE, 1- 11A YUEN LONG ON LOK ROAD, YUEN LONG, NEW TERRITORIES",2294809077,RL,,2026-11-05,22.444876,114.0320293,2025-12-02,ChIJWSy2BgDxAzQRFTryvJJNjEw,4.4,0.0,29,thai_restaurant,"['thai_restaurant', 'restaurant', 'food', 'point_of_interest', 'establishment']",Standard,標準
友誼泰國菜,FRIENDSHIP THAI FOOD,九龍城區,Kowloon City,52,九龍九龍城城南道5號地下,"G/F, 5 SOUTH WALL ROAD, KOWLOON CITY, KOWLOON",2252808069,RL,,2026-09-20,22.328408,114.190767,2025-08-22,ChIJOdKwZ9UGBDQRGtUWzWEgzbg,4.2,3.0,182,thai_restaurant,"['thai_restaurant', 'asian_restaurant', 'restaurant', 'food', 'point_of_interest', 'establishment']",Standard,標準
茶泰,Cha Thai,觀塘區,Kwun Tong,51,九龍藍田啟田道50號 啟田邨 及 安田邨 啟田商場2樓209號舖,"SHOP NO. 209, 2/F, KAI TIN SHOPPING CENTRE, KAI TIN EST & ON TIN EST, 50 KAI TIN ROAD, LAM TIN, KOWLOON",2251808099,RL,,2026-09-08,22.309093,114.2343596,2025-07-22,ChIJDZJLwVkBBDQRL1yeyr0YL9s,3.0,3.0,106,thai_restaurant,"['thai_restaurant', 'restaurant', 'food', 'point_of_interest', 'establishment']",Standard,標準
亞萊泰,AROI THAI,沙田區,Sha Tin,97,新界沙田禾輋邨(商業/停車場大樓之構成部分)(又稱禾輋廣場) 商業中心2樓255A號鋪,"SHOP NO. 255A, SECOND FLOOR, COMMERCIAL CENTRE (ALSO KNOWN AS WO CHE PLAZA) (FORMING PART OF COMMERCIAL/CAR PARK BLOCKS), WO CHE ESTATE, SHA TIN, NEW TERRITORIES",2297808233,RL,,2026-10-06,22.3879585,114.1952465,2025-09-30,ChIJZ_euDwAHBDQRaxi1fwBjT4M,4.7,0.0,6,thai_restaurant,"['thai_restaurant', 'restaurant', 'food', 'point_of_interest', 'establishment']",Standard,標準
泰國的味道,TASTE OF THAI,離島區,Islands,17,新界大嶼山愉景灣海澄湖畔路96號 地下G30鋪,"SHOP NO. G30, G/F, 96 SIENA AVENUE, DISCOVERY BAY, LANTAU ISLAND, NEW TERRITORIES",2217803067,RL,,2026-08-15,22.30873,114.01671,2025-08-27,ChIJqfvI7GT9AzQR0cjoqn7xqBA,4.1,0.0,169,thai_restaurant,"['thai_restaurant', 'restaurant', 'food', 'point_of_interest', 'establishment']",Standard,標準
新泰東南亞餐廳,SUN THAI RESTAURANT,灣仔區,Wan Chai,12,"香港灣仔大王東街21-23號興旺閣地下,1字樓及2字樓","G/F., 1/F., & 2/F., HING WONG COURT, NO. 21-23 TAI WONG STREET EAST, WAN CHAI, HONG KONG",2212819450,RL,#G,2026-12-09,22.2761246,114.1713011,2025-12-01,ChIJY25z7-ABBDQRIpZb5K8lZ4Q,4.0,3.0,518,thai_restaurant,"['thai_restaurant', 'malaysian_restaurant', 'restaurant', 'food', 'point_of_interest', 'establishment']",Standard,標準
泰船,Thai Boat,北區,North,96,新界上水新成路105號地下,"G/F, 105 SAN SHING AVENUE, SHEUNG SHUI, NEW TERRITORIES",2296802797,RL,#G,2027-02-03,22.5045262265392,114.12959990419,2026-02-11,ChIJU_kbPnn3AzQRODULYlAccxU,4.8,0.0,542,thai_restaurant,"['thai_restaurant', 'restaurant', 'food', 'point_of_interest', 'establishment']",Standard,標準
金象泰小館,金象泰小館,荃灣區,Tsuen Wan,92,新界荃灣大壩街 45號地下,"G/F, 45 TAI PA STREET, TSUEN WAN, NEW TERRITORIES",2292808362,RL,,2027-01-18,22.3714481,114.1113755,2025-12-16,ChIJ-dJkMNf5AzQRXK2Tlf6Q_jg,3.1,0.0,75,thai_restaurant,"['thai_restaurant', 'restaurant', 'food', 'point_of_interest', 'establishment']",Standard,標準
泰‧初夏,泰‧初夏,荃灣區,Tsuen Wan,92,新界荃灣青山道398號愉景新城第二層2030號鋪,"SHOP NO. 2030, LEVEL 2, D-PARK, DISCOVERY PARK, 398 CASTLE PEAK ROAD, TSUEN WAN, NEW TERRITORIES",2292808177,RL,,2026-08-30,22.3658966,114.0719615,2025-08-08,ChIJVaAATfD4AzQRvBY0XdPtETY,4.5,0.0,212,thai_restaurant,"['thai_restaurant', 'restaurant', 'food', 'point_of_interest', 'establishment']",Standard,標準
越泰豐,Yuet Tai Fung,觀塘區,Kwun Tong,51,九龍觀塘宜安街9-27號有利大樓地下G舖,"SHOP G, G/F, YAU LEE BUILDING, 9-27 YEE ON STREET, KWUN TONG, KOWLOON",2251809135,RL,,2026-08-04,22.3155195,114.2223784,2025-10-31,ChIJLRWFw04BBDQRp2zaUe5Opng,3.8,3.0,107,restaurant,"['restaurant', 'food', 'point_of_interest', 'establishment']",Standard,標準
泰識野,泰識野,油尖區,Yau Tsim,61,"九龍白加士街68 & 70號及 南京街1J,1K,1L & 1M號地下B號舖","SHOP NO.B ON GROUND FLOOR, NOS. 1J, 1K, 1L & 1M NANKING STREET & NOS.68 & 70 PARKES STREET, KOWLOON",2261821668,RL,,2027-02-07,22.3057994,114.17088,2026-01-28,ChIJBeojRGUBBDQRm6dODlEBWmM,3.1,0.0,50,thai_restaurant,"['thai_restaurant', 'restaurant', 'food', 'point_of_interest', 'establishment']",Pun,食字
曼谷泰菜,Bangkok Thai Restaurant,東區,Eastern,11,香港北角英皇道483-497號 東寶大廈地下E-F鋪,"SHOP E-F, G/F, TUNG PO BUILDING, 483-497 KING'S ROAD, NORTH POINT, HONG KONG",2211810386,RL,#G,2027-02-21,22.2917357,114.2018517,2026-03-05,ChIJa6ulPwUBBDQRI9VCL3SlI4w,3.4,3.0,287,thai_restaurant,"['thai_restaurant', 'restaurant', 'food', 'point_of_interest', 'establishment']",Standard,標準
夢亞萊泰國餐廳,Mum Aroi Thai Restaurant,元朗區,Yuen Long,94,新界元朗洪水橋 洪水橋大街11號   地下,"G/F, NO. 11 HUNG SHUI KIU MAIN STREET, HUNG SHUI KIU, YUEN LONG, NEW TERRITORIES",2294810123,RL,,2026-07-20,22.4333834,113.9956273,2025-07-03,ChIJHVP5-Gz7AzQRMCaaERLvDoM,3.8,0.0,134,thai_restaurant,"['thai_restaurant', 'restaurant', 'food', 'point_of_interest', 'establishment']",Standard,標準
泰閣海南雞飯專門店,泰閣海南雞飯專門店,觀塘區,Kwun Tong,51,九龍觀塘牛頭角道305-325及325A號 觀塘立成大廈地下G鋪,"SHOP G, G/F, KWUN TONG LAP SHING BUILDING, 305-325& 325A NGAU TAU KOK ROAD, KWUN TONG, KOWLOON",2251808974,RL,,2026-06-05,22.315088,114.2219372,2025-08-06,ChIJIbuH3VwBBDQRx7PujXt9tys,3.6,0.0,20,thai_restaurant,"['thai_restaurant', 'restaurant', 'food', 'point_of_interest', 'establishment']",Standard,標準
Thong Thai,Thong Thai,中西區,Central/Western,18,香港皇后大道中270-276號中央大廈地下B舖,"SHOP B, G/F, CENTRAL MANSION, 270-276 QUEEN'S ROAD CENTRAL, HONG KONG",2218817137,RL,,2026-10-09,22.284438,114.1507631,2025-10-10,ChIJiTihvIkBBDQRhqZm3APs8K8,4.4,0.0,25,restaurant,"['restaurant', 'food', 'point_of_interest', 'establishment']",English,英文
泰COOL,THAI COOL,觀塘區,Kwun Tong,51,九龍觀塘牛頭角道77號 淘大花園第4期淘大商場1樓 F232-240 號舖及2樓部份,"PORTION OF 2/F, SHOP NOS. F232-240, 1/F, AMOY PLAZA, AMOY GARDENS PHASE 4, 77 NGAU TAU KOK ROAD, KWUN TONG, KOWLOON",2251809366,RL,,2027-01-26,22.323877,114.217024,2025-12-16,ChIJa0N3TRUHBDQRpqWzYM1KRQE,4.3,0.0,141,thai_restaurant,"['thai_restaurant', 'restaurant', 'food', 'point_of_interest', 'establishment']",Pun,食字
茶泰,Cha Thai,葵青區,Kwai Tsing,91,新界葵芳興芳路223號新都會廣場5樓501-510號鋪,"SHOP NO. 501-510, 5/F, METROPLAZA, 223 HING FONG ROAD, KWAI CHUNG, NEW TERRITORIES",2291804840,RL,,2026-06-14,22.3574339,114.1261909,2025-04-29,ChIJCydv2575AzQRuNifiMewNj8,2.6,0.0,104,thai_restaurant,"['thai_restaurant', 'restaurant', 'food', 'point_of_interest', 'establishment']",Standard,標準
城中泰,Midtown Thai,元朗區,Yuen Long,94,新界元朗天水圍天恩路12-18號+WOO嘉湖二期地下 G02號鋪,"SHOP NO. G02, G/F, +WOO PHASE 2, 12-18 TIN YAN ROAD, TIN SHUI WAI, YUEN LONG, NEW TERRITORIES",2294810691,RL,#G,2026-06-07,22.4571643,114.0038988,2025-05-20,ChIJO96U7OHxAzQRtiCsdjN-ma4,3.3,0.0,84,thai_restaurant,"['thai_restaurant', 'restaurant', 'food', 'point_of_interest', 'establishment']",Standard,標準
Cha Thai Chicken Factory,Cha Thai Chicken Factory,西貢區,Sai Kung,98,新界西貢將軍澳貿業路8號新都城三期2樓250-251號鋪,"SHOP NO. 250-251, 2/F, MCP DISCOVERY, 8 MAU YIP ROAD, TSEUNG KWAN O, SAI KUNG, NEW TERRITORIES",2298806386,RL,,2026-06-28,22.3225992,114.2566957,2025-05-27,ChIJOzIrIA8FBDQRPYnJlhhinnM,3.3,0.0,53,thai_restaurant,"['thai_restaurant', 'restaurant', 'food', 'point_of_interest', 'establishment']",English,英文
泰潮,THAI CHIU,沙田區,Sha Tin,97,新界沙田白石角香港科學園 1 期 5W 大廈地下 S015 及 S016 單位,"UNITS S015 & S016, G/F, BUILDING 5W, PHASE 1, HONG KONG SCIENCE PARK, PAK SHEK KOK, SHA TIN, NEW TERRITORIES",2297808631,RL,,2026-05-22,22.424307,114.211612,2025-05-16,ChIJFaeP2_kJBDQRh12XaUlzoBM,3.5,0.0,80,thai_restaurant,"['thai_restaurant', 'restaurant', 'food', 'point_of_interest', 'establishment']",Pun,食字
Here Thai,Here Thai,沙田區,Sha Tin,97,新界沙田沙田正街2-8號新城市廣場第三期 二樓A216號鋪,"SHOP A216 ON LEVEL 2, NEW TOWN PLAZA PHASE 3, 2-8 SHA TIN CENTRE STREET, SHA TIN, NEW TERRITORIES",2297808756,RL,#F#G,2026-08-07,22.379537,114.187559,2025-07-23,ChIJcynpIQAHBDQR_fAvAYUi59g,3.9,0.0,517,thai_restaurant,"['thai_restaurant', 'restaurant', 'point_of_interest', 'food', 'establishment']",English,英文
泰金鍋,THAIPOT,觀塘區,Kwun Tong,51,九龍觀塘觀塘道414號 1亞太中心10樓,"10/F, ONE PACIFIC CENTRE, 414 KWUN TONG ROAD, KWUN TONG, KOWLOON",2251809056,RL,#G#H,2026-07-03,22.312567,114.224515,2025-07-16,ChIJX_sf5lQBBDQRRJtMmOhtf8o,4.8,0.0,322,hot_pot_restaurant,"['hot_pot_restaurant', 'restaurant', 'food', 'point_of_interest', 'establishment']",Standard,標準
泰斗,THAI MASTER,元朗區,Yuen Long,94,新界元朗大樹下東路丈量約份第120約地段第1828號餘段、 第1831號(部分)、第1832號A分段及第1832號餘段 (部分)地下及鋪前露天座位,"G/F AND THE OUTSIDE SEATING ACCOMMODATION AT SHOP FRONT, LOTS 1828 RP, 1831 (PART), 1832 S.A AND 1832 RP (PART) IN D.D. 120, TAI SHU HA ROAD EAST, YUEN LONG, NEW TERRITORIES",2294810877,RL,#A#F#G,2026-08-06,22.4368147862539,114.02858980078,2025-07-04,ChIJwwctlSf7AzQR8Ze0q284t9Y,4.2,0.0,206,thai_restaurant,"['thai_restaurant', 'restaurant', 'food', 'point_of_interest', 'establishment']",Pun,食字
泰瀾鑊,THAILAND WOK,元朗區,Yuen Long,94,新界元朗康業街8號朗壹廣場地下 G17-18號鋪及鋪前露天座位,"SHOP NOS. G17-18 AND THE OUTSIDE SEATING ACCOMMODATION AT SHOP FRONT, FLOOR G, ONE NORTH, 8 HONG YIP STREET, YUEN LONG, NEW TERRITORIES",2294810840,RL,#A,2026-07-26,22.4509346422078,114.029880097583,2025-07-23,ChIJb5N1CRTxAzQRimOumumCZAM,3.6,0.0,207,thai_restaurant,"['thai_restaurant', 'restaurant', 'food', 'point_of_interest', 'establishment']",Pun,食字
泰味泰國餐廳,THAI TASTY THAI RESTAURANT,荃灣區,Tsuen Wan,92,新界荃灣安逸街2-22號及荃景圍187-195號荃威花園二期 地下6號鋪,"SHOP NO. 6, G/F, PHASE 2, COMMERCIAL DEVELOPMENT ALLWAY GARDENS, NOS. 187-195 TSUEN KING CIRCUIT & NOS. 2-22 ON YAT STREET, TSUEN WAN, NEW TERRITORIES",2292809134,RL,,2026-03-27,22.3783976208145,114.104739834951,2025-04-24,ChIJzWR4d_P5AzQRa4TEUPHMFBs,4.1,0.0,44,thai_restaurant,"['thai_restaurant', 'restaurant', 'food', 'point_of_interest', 'establishment']",Standard,標準
泰沾麵,ASURA,油尖區,Yau Tsim,61,九龍尖沙咀麼地道67號半島中心地下G37 及 G38 號鋪及 鋪前露天座位,"SHOP G37 & G38 AND THE OUTSIDE SEATING ACCOMMODATION AT SHOP FRONT, G/F, PENINSULA CENTRE, NO. 67 MODY ROAD, TSIM SHA TSUI, KOWLOON",2261822254,RL,#A#G,2026-07-24,22.299063823527916,114.17729145377147,2025-10-03,ChIJJcCrWTABBDQRmxcMfBPVYcg,4.3,0.0,203,thai_restaurant,"['thai_restaurant', 'restaurant', 'food', 'point_of_interest', 'establishment']",Standard,標準
阿閒泰,Ahan Thai,灣仔區,Wan Chai,12,香港銅鑼灣告士打道280號 世貿中心4樓L4-06號鋪,"SHOP NO. L4-06, LEVEL 4, WORLD TRADE CENTRE, 280 GLOUCESTER ROAD, CAUSEWAY BAY, HONG KONG",2212821891,RL,,2026-07-06,22.2815279,114.1842189,2025-07-03,ChIJAyVv0jEBBDQRghmYJOcuERY,4.2,3.0,174,thai_restaurant,"['thai_restaurant', 'restaurant', 'food', 'point_of_interest', 'establishment']",Standard,標準
米泰,Khao San,觀塘區,Kwun Tong,51,九龍九龍灣宏照道38號 企業廣場5期MEGABOX 11樓11舖,"UNIT 11, LEVEL 11, MEGABOX, ENTERPRISE SQUARE FIVE, 38 WANG CHIU ROAD, KOWLOON BAY, KOWLOON",2251809551,RL,#G#H,2026-06-15,22.3199795,114.2084331,2025-06-09,ChIJO7nejmUBBDQRWNbvSPJ6Ylw,4.4,0.0,242,thai_restaurant,"['thai_restaurant', 'restaurant', 'food', 'point_of_interest', 'establishment']",Standard,標準
泰牛美食有限公司,THAI COW CUISINE LIMITED,北區,North,96,新界上水石湖墟龍琛路39號上水廣場5樓505號舖,"SHOP 505, LEVEL 5, LANDMARK NORTH, NO. 39 LUNG SUM AVENUE, SHEK WU HUI, SHEUNG SHUI, NEW TERRITORIES",2296803550,RL,#G,2026-04-23,22.502532337076865,114.12782667930873,2025-04-29,ChIJg-0h2oD3AzQRwjI5oXOEJeU,3.3,0.0,29,thai_restaurant,"['thai_restaurant', 'restaurant', 'food', 'point_of_interest', 'establishment']",Standard,標準
米泰/牛氣,Khao San/ Nabe Urawa,沙田區,Sha Tin,97,新界大圍車公廟路18號圍方4樓431-432號鋪 及431-432號鋪對出座位間,"SHOP UNITS 431-432 AND SEATING AREA OPPOSITE SHOP  UNITS 431-432, LEVEL 4, THE WAI, 18 CHE KUNG MIU ROAD, TAI WAI, NEW TERRITORIES",2297809722,RL,#G#H,2027-01-10,22.3727186,114.1794464,2026-01-06,ChIJcadCOpcHBDQRQ7Nt3XAHL7o,4.6,0.0,1289,thai_restaurant,"['thai_restaurant', 'restaurant', 'food', 'point_of_interest', 'establishment']",Standard,標準
泰作,Twinkle Elephant,葵青區,Kwai Tsing,91,新界青衣青敬路33號青衣城3樓302鋪,"SHOP UNIT 302, 3/F, MARITIME SQUARE, 33 TSING KING ROAD, TSING YI, NEW TERRITORIES",2291805074,RL,#G,2027-04-17,22.3557491,114.1083016,2026-03-11,ChIJm8_Xfsj5AzQRzm-TZ7yxiWA,4.5,0.0,873,thai_restaurant,"['thai_restaurant', 'restaurant', 'food', 'point_of_interest', 'establishment']",Standard,標準
泰瀾鑊,THAILAND WOK,東區,Eastern,11,香港北角渣華道133號北角匯三期地下 G7及G8號鋪,"SHOP NOS. G7 & G8, G/F, HARBOUR NORTH, PHASE 3, NO. 133 JAVA ROAD, NORTH POINT, HONG KONG",2211810845,RL,,2026-11-07,22.292979197563117,114.20247488562516,2025-11-07,ChIJsyG3aKEBBDQRB7u3x4WpWtU,3.7,0.0,89,thai_restaurant,"['thai_restaurant', 'restaurant', 'food', 'point_of_interest', 'establishment']",Pun,食字
現時泰,In's Thai,中西區,Central/Western,18,香港金鐘夏慤道16號遠東金融中心 高層地下D2號鋪,"SHOP NO. D2, UPPER GROUND FLOOR, FAR EAST FINANCE CENTRE, 16 HARCOURT ROAD, ADMIRALTY, HONG KONG",3118810994,RR,,2026-11-01,22.279965,114.1640653,2025-11-03,ChIJOepuNDwBBDQRNPQjIp1nh_M,4.4,0.0,23,thai_restaurant,"['thai_restaurant', 'restaurant', 'food', 'point_of_interest', 'establishment']",Standard,標準
泰沾麵,ASURA,九龍城區,Kowloon City,52,九龍啟德協調道2號 AIRSIDE 2樓L205號鋪,"SHOP NO. L205, 2/F, AIRSIDE, NO. 2 CONCORDE ROAD, KAI TAK, KOWLOON",2252809479,RL,#G,2026-05-20,22.331205632871573,114.19853295069515,2025-06-02,ChIJLVweJzUHBDQRoTuDayJecAM,3.5,0.0,94,thai_restaurant,"['thai_restaurant', 'restaurant', 'food', 'point_of_interest', 'establishment']",Standard,標準
泰亭,SALA THAI,北區,North,96,新界粉嶺聯和道11號地下,"G/F., NO. 11 LUEN WO ROAD, FANLING, NEW TERRITORIES",2296803569,RL,,2026-04-25,22.497445037682468,114.14234713912036,2025-03-13,ChIJSYi8zRb3AzQR5YlSw179WUY,3.8,0.0,38,thai_restaurant,"['thai_restaurant', 'restaurant', 'food', 'point_of_interest', 'establishment']",Standard,標準
泰國婆,GRANDMA THAI,屯門區,Tuen Mun,93,新界屯門屯門鄉事會路83號 V CITY第1層L1-2B號鋪,"SHOP NO. L1-2B, LEVEL 1, V CITY, 83 TUEN MUN HEUNG SZE WUI ROAD, TUEN MUN, NEW TERRITORIES",2293807311,RL,,2026-04-18,22.395680413654027,113.9740260010324,2025-04-09,ChIJ2erU4hT7AzQRh2J0g5q_tHQ,3.1,0.0,76,asian_restaurant,"['asian_restaurant', 'restaurant', 'food', 'point_of_interest', 'establishment']",Standard,標準
泰Grill,Thai Grill,西貢區,Sai Kung,98,新界將軍澳唐俊街12號天晉滙地下G06號鋪,"SHOP G06, G/F, POPWALK, 12 TONG CHUN STREET, TSEUNG KWAN O, NEW TERRITORIES",2298806997,RL,#G,2027-02-14,22.3067270429277,114.260854663045,2026-01-07,ChIJ79VX2MgDBDQRggzHtqcGI_8,4.2,0.0,153,thai_restaurant,"['thai_restaurant', 'restaurant', 'food', 'point_of_interest', 'establishment']",Standard,標準
泰鑫,RANGSIT THAI BOAT NOODLES,灣仔區,Wan Chai,12,香港灣仔皇后大道東222號 GARDENEAST地下2舖,"SHOP 2, G/F, GARDENEAST, 222 QUEEN'S ROAD EAST, WAN CHAI, HONG KONG",2212823000,RL,,2026-07-11,22.274767053485306,114.17266936463658,2025-07-21,ChIJHzaCcwABBDQRjC0DXnPDXko,4.4,0.0,200,thai_restaurant,"['thai_restaurant', 'restaurant', 'food', 'point_of_interest', 'establishment']",Standard,標準
Bamboo Thai,Bamboo Thai,南區,Southern,15,香港黃竹坑香葉道11號 THE SOUTHSIDE 2樓204號鋪,"SHOP UNIT 204, 2/F, THE SOUTHSIDE, NO. 11 HEUNG YIP ROAD, WONG CHUK HANG, HONG KONG",2215803443,RL,#F#G,2026-11-17,22.24751819197955,114.16754579326256,2025-11-06,ChIJPR-J5vsBBDQRU2BVNlLicpA,4.4,0.0,144,thai_restaurant,"['thai_restaurant', 'restaurant', 'food', 'point_of_interest', 'establishment']",English,英文
亞萊泰,AROI THAI,黃大仙區,Wong Tai Sin,53,九龍黃大仙龍翔道136號黃大仙中心北館地下G07鋪,"SHOP G07, G/F, TEMPLE MALL NORTH, 136 LUNG CHEUNG ROAD, WONG TAI SIN, KOWLOON",2253805508,RL,#G,2026-12-04,22.34217424635829,114.19263578510146,2025-11-12,ChIJIzVMjdgGBDQRurmmVQdl27Q,3.6,3.0,491,thai_restaurant,"['thai_restaurant', 'restaurant', 'food', 'point_of_interest', 'establishment']",Standard,標準
爆爆泰菜,KRAPOW HASHTAG B,西貢區,Sai Kung,98,新界西貢將軍澳唐賢街9號POPCORN 1樓 F69號舖及外座區,"SHOP UNIT F69 AND OPEN SEATING AREA, 1/F., POPCORN, 9 TONG YIN STREET, TSEUNG KWAN O, SAI KUNG, NEW TERRITORIES",2298807194,RL,,2026-10-21,22.30841183850084,114.26160468017024,2025-10-16,ChIJ4QYf67ADBDQRxlbQ0Xlftyo,4.0,0.0,29,thai_restaurant,"['thai_restaurant', 'restaurant', 'food', 'point_of_interest', 'establishment']",Standard,標準
泰太海南雞,THAI TAI,北區,North,96,新界粉嶺百和路88號花都廣場地下80號鋪,"SHOP 80, G/F, FLORA PLAZA, 88 PAK WO ROAD, FANLING, NEW TERRITORIES",3196801011,RR,,2026-05-19,22.485934343730943,114.14085937736188,2025-05-26,ChIJlZskKgD3AzQRY-Pb9mpgS5w,3.6,0.0,9,thai_restaurant,"['thai_restaurant', 'restaurant', 'food', 'point_of_interest', 'establishment']",Pun,食字
泰犀利泰國菜館,Thai Classic Restaurant,北區,North,96,新界粉嶺聯和墟和泰街55號泰昌樓地下B室,"FLAT B, G/F, TAI CHEONG HOUSE, 55 WO TAI STREET, LUEN WO MARKET, FANLING, NEW TERRITORIES",2296803745,RL,,2026-04-23,22.500192634541964,114.14257121820496,2025-06-03,ChIJEa2nHQD3AzQR3A33KIpW9TI,4.3,0.0,6,thai_restaurant,"['thai_restaurant', 'restaurant', 'food', 'point_of_interest', 'establishment']",Pun,食字
亞萊泰,AROI THAI,觀塘區,Kwun Tong,51,九龍觀塘秀茂坪邨秀茂坪商場3樓304-307號舖,"SHOP NOS. 304-307, 3/F, SAU MAU PING SHOPPING CENTRE, SAU MAU PING ESTATE, KWUN TONG, KOWLOON",2251810175,RL,#G,2027-01-12,22.3196173418363,114.23207598529407,2026-01-07,ChIJ3yjrIAABBDQRLbHhisEeHXA,2.9,0.0,20,thai_restaurant,"['thai_restaurant', 'restaurant', 'food', 'point_of_interest', 'establishment']",Standard,標準
沙巴泰越館,SAPA PHO,深水埗區,Sham Shui Po,63,九龍深水埗汝州街190號地下,"G/F, 190 YU CHAU STREET, SHAM SHUI PO, KOWLOON",2263809327,RL,,2026-11-05,22.3292427801808,114.1626489748379,2025-10-27,ChIJHftXXbUBBDQRp5Emad1zD-k,4.1,0.0,84,thai_restaurant,"['thai_restaurant', 'vietnamese_restaurant', 'restaurant', 'food', 'point_of_interest', 'establishment']",Standard,標準
阿叔泰麵,Asok Thai Noodle,東區,Eastern,11,香港太古城道26號太古城第4期 金殿臺漢宮閣地下G409號鋪,"SHOP NO. G409, G/F, HAN KUNG MANSION, KAM DIN TERRACE, STAGE IV, TAIKOO SHING, 26 TAIKOO SHING ROAD, HONG KONG",2211811273,RL,,2027-01-23,22.286420053065143,114.2152830914596,2026-01-27,ChIJsdiCvwMHBDQRYKmlYZ-HiZw,3.9,0.0,328,thai_restaurant,"['thai_restaurant', 'restaurant', 'food', 'point_of_interest', 'establishment']",Standard,標準
泰排檔,泰排檔,油尖區,Yau Tsim,61,九龍佐敦文苑街24號地下,"G/F., 24 MAN YUEN STREET, JORDAN, KOWLOON",2261823813,RL,,2026-04-06,22.30726828798421,114.1663865076238,2025-04-10,ChIJhwKJ6poBBDQRNO1DQ_6csRQ,4.2,0.0,293,thai_restaurant,"['thai_restaurant', 'restaurant', 'food', 'point_of_interest', 'establishment']",Pun,食字
金泰燒烤,金泰燒烤 2,九龍城區,Kowloon City,52,九龍九龍城太子道西386號太子樓地下F及G號舖,"SHOP F & G, G/F, PRINCE MANSION, NO. 386 PRINCE EDWARD ROAD WEST, KOWLOON CITY, KOWLOON",2252809716,RL,,2026-10-29,22.327760685241095,114.18854169265418,2025-10-09,ChIJp0YAKNUABDQR5DVYKmNhbEw,3.8,0.0,218,thai_restaurant,"['thai_restaurant', 'restaurant', 'food', 'point_of_interest', 'establishment']",Standard,標準
泰絕,AMAZING THAI,油尖區,Yau Tsim,61,九龍尖沙咀東科學館道14號新文華中心地下G10A鋪,"SHOP G10A, G/F, NEW MANDARIN PLAZA, NO. 14 SCIENCE MUSEUM ROAD, TSIM SHA TSUI EAST, KOWLOON",2261823868,RL,,2026-04-15,22.300188962609027,114.17843959231712,2025-04-17,ChIJEzEpqBABBDQR58RMpN0U4b0,4.6,0.0,78,thai_restaurant,"['thai_restaurant', 'restaurant', 'food', 'point_of_interest', 'establishment']",Pun,食字
四面泰‧泰式火鍋,Fall in Thai Hot Pot,九龍城區,Kowloon City,52,九龍啟德協調道2號AIRSIDE5樓L514號鋪,"SHOP L514, 5/F, AIRSIDE, 2 CONCORDE ROAD, KAI TAK, KOWLOON",2252809840,RL,,2027-02-26,22.330927697931344,114.19806326691344,2026-02-16,ChIJ573zoZAHBDQRPlNbTZrdhhs,3.4,0.0,61,hot_pot_restaurant,"['hot_pot_restaurant', 'restaurant', 'food', 'point_of_interest', 'establishment']",Standard,標準
泰甜,Thai & Dessert Cafe,葵青區,Kwai Tsing,91,"新界青衣青康路12號長康邨康貴樓(組成綜合商業/停車場的部份 位置, 康和樓和康貴樓) 地下8及9號鋪","SHOP 8 & 9, G/F, HONG KWAI HOUSE (FORMING PART OF INTEGRATED COMMERCIAL/CAR PARK ACCOMMODATION, HONG WO HOUSE & HONG KWAI HOUSE), CHEUNG HONG ESTATE, 12 CHING HONG ROAD, TSING YI, NEW TERRITORIES",2291805490,RL,,2026-10-28,22.349134230054503,114.10557786197003,2025-10-23,ChIJtQd9FQD5AzQRflcJ-1Z7U0c,2.8,0.0,17,thai_restaurant,"['thai_restaurant', 'restaurant', 'food', 'point_of_interest', 'establishment']",Pun,食字
Tommy Yummy Thai Café,Tommy Yummy Thai Café,元朗區,Yuen Long,94,新界元朗朗樂路1號元點商場1樓B147號舖及舖側露天座位,"SHOP NO. B147 AND THE OUTSIDE SEATING ACCOMMODATION AT SIDE ON LEVEL 1, YOHO MIX, NO. 1 LONG LOK ROAD, YUEN LONG, NEW TERRITORIES",2294811612,RL,#A,2026-11-21,22.44540867513749,114.0335817734248,2025-10-24,ChIJD-LdZADxAzQRvaYPgYDlJoo,4.0,0.0,136,thai_restaurant,"['thai_restaurant', 'restaurant', 'food', 'point_of_interest', 'establishment']",English,英文
泰之味,泰之味,觀塘區,Kwun Tong,51,九龍九龍灣宏光道80號麗晶花園(商場及停車場)地下 G7(A部份)及G8號舖,"SHOP G7(PORTION A) & G8, G/F., RICHLAND GARDENS, (COMMERCIAL AND GARAGE BLOCK), 80 WANG KWONG ROAD, KOWLOON BAY, KOWLOON",2251810272,RL,,2026-03-23,22.32981216910701,114.2064891677086,2025-03-25,ChIJ32iaTy0BBDQRI8Fgf6W5snQ,4.4,0.0,42,restaurant,"['restaurant', 'food', 'point_of_interest', 'establishment']",Pun,食字
金泰棧,Thai Restaurant,屯門區,Tuen Mun,93,"新界屯門屯利街1號華都花園第二層56, 57及58號鋪","SHOP 56, 57 & 58, LEVEL 2, WALDORF GARDEN, 1 TUEN LEE STREET, TUEN MUN, NEW TERRITORIES",2293807940,RL,,2026-04-24,22.391857265496835,113.97803671377444,2025-05-08,ChIJfe2yKTf7AzQRehAfQmDoEAc,4.0,0.0,46,thai_restaurant,"['thai_restaurant', 'restaurant', 'food', 'point_of_interest', 'establishment']",Pun,食字
米泰,Khao San,荃灣區,Tsuen Wan,92,新界荃灣大壩街 4-30號荃灣廣場3樓 350-352號鋪,"SHOP NOS. 350-352, LEVEL 3, TSUEN WAN PLAZA, 4-30 TAI PA STREET, TSUEN WAN, NEW TERRITORIES",2292810174,RL,#G#H,2026-09-18,22.370973564338247,114.11123954012056,2025-09-22,ChIJgd9QMwD5AzQRuSy61rRE_-w,4.6,0.0,507,thai_restaurant,"['thai_restaurant', 'restaurant', 'food', 'point_of_interest', 'establishment']",Standard,標準
喜泰美,Hey Thai Mei,南區,Southern,15,香港香港仔鴨脷洲大街71號 逸南地下G3及G5號鋪,"SHOP G3 & G5, G/F, THE UPPER SOUTH, 71 AP LEI CHAU MAIN STREET, ABERDEEN, HONG KONG",2215803708,RL,#G,2026-06-15,22.24395705820082,114.15569032447252,2025-06-20,ChIJ1-QEOgCrBjQRNftJDhEadFU,3.0,0.0,21,thai_restaurant,"['thai_restaurant', 'restaurant', 'food', 'point_of_interest', 'establishment']",Standard,標準
青青泰國料理,Chin Chin Thai Cuisine,灣仔區,Wan Chai,12,香港銅鑼灣軒尼詩道500號 希慎廣場3樓316-319號舖,"SHOP NOS. 316-319, 3/F, HYSAN PLACE, 500 HENNESSY ROAD, CAUSEWAY BAY, HONG KONG",2212824058,RL,,2026-11-24,22.279784207923583,114.18377239708946,2025-11-26,ChIJ4wMpOQABBDQRYpbHpQ4EHV4,3.9,0.0,28,thai_restaurant,"['thai_restaurant', 'restaurant', 'food', 'point_of_interest', 'establishment']",Standard,標準
金屋泰國菜館,Golden Home Thai Food,葵青區,Kwai Tsing,91,新界葵涌榮芳路99-101號葵祥大廈地下及閣樓A鋪及B鋪,"SHOP A & B, G/F & COCKLOFT, KWAI CHEUNG BUILDING, 99-101 WING FONG ROAD, KWAI CHUNG, NEW TERRITORIES",3891805699,RL,,2026-06-11,22.35989662356823,114.1263164229963,2025-12-15,ChIJLYDgaQD5AzQRaFSQ6pmLtHs,4.2,0.0,37,thai_restaurant,"['thai_restaurant', 'restaurant', 'food', 'point_of_interest', 'establishment']",Standard,標準
泰鮮味,THAI FRESH,沙田區,Sha Tin,97,新界沙田 大圍道55-65號積輝街14-18號  金禧花園 地下 8號鋪,"SHOP 8, G/F , GRANDEUR GARDEN, NOS.14-18 CHIK FAI STREET, NOS.55-65 TAI WAI ROAD, SHA TIN, NEW TERRITORIES",3897810989,RL,,2026-06-15,22.374131011274415,114.17706536915163,2025-12-17,ChIJVUmOMAAHBDQRnclqR0QQ9sg,4.1,0.0,8,thai_restaurant,"['thai_restaurant', 'restaurant', 'food', 'point_of_interest', 'establishment']",Pun,食字
泰‧時餐廳,THAI TIME RESTAURANT,灣仔區,Wan Chai,12,香港銅鑼灣信德街14-20號華英大廈地下C鋪,"SHOP C, G/F, WAH YING BUILDING, 14-20 SHELTER STREET, CAUSEWAY BAY, HONG KONG",3812824628,RL,,2026-06-21,22.27911004781392,114.18848447995757,2025-12-22,ChIJO-B7agABBDQROjiMcE3_MXM,4.2,0.0,11,thai_restaurant,"['thai_restaurant', 'restaurant', 'food', 'point_of_interest', 'establishment']",Standard,標準
金泰子,GOLDEN PRINCE,旺角區,Mong Kok,62,九龍深水埗基隆街36號及柏樹街20至24號地下B舖,"SHOP B, G/F, NO. 36 KI LUNG STREET & NOS. 20-24 CEDAR STREET, PRINCE EDWARD, KOWLOON",3962807205,RR,,2026-04-29,22.325266480467143,114.16688377830997,2025-11-03,ChIJ6we_EbYABDQRPPszaZFmGBQ,3.7,0.0,175,thai_restaurant,"['thai_restaurant', 'restaurant', 'food', 'point_of_interest', 'establishment']",Pun,食字
嘉禮泰廚十二味,嘉禮泰廚十二味,旺角區,Mong Kok,62,九龍旺角塘尾道14-18號嘉禮大廈地下A舖,"SHOP A , G/F, SKYLINE TOWER, 14-18 TONG MI ROAD, MONG KOK, KOWLOON",3162806596,RR,,2026-12-02,22.318294957706023,114.16654092613528,2025-12-08,ChIJWx8zOAABBDQRRfm5LUMGgV0,4.3,0.0,3,thai_restaurant,"['thai_restaurant', 'restaurant', 'food', 'point_of_interest', 'establishment']",Standard,標準
水門泰式海南雞飯專門店,水門泰式海南雞飯專門店,灣仔區,Wan Chai,12,香港灣仔譚臣道8號 威利商業大廈地下C舖,"SHOP C, G/F, THOMSON COMMERCIAL BUILDING, 8 THOMSON ROAD, WAN CHAI, HONG KONG",2212823897,RL,,2026-09-15,22.276937468596724,114.17119764464428,2025-09-18,ChIJl1hXxQcBBDQRwvOv5domEVk,3.1,0.0,23,restaurant,"['restaurant', 'food', 'point_of_interest', 'establishment']",Standard,標準
泰埔,THAI PO,大埔區,Tai Po,95,新界大埔翠和里5號麗和閣地下F號鋪,"SHOP F, G/F, REVE PLAZA, NO. 5 CHUI WO LANE, TAI PO, NEW TERRITORIES",3895804348,RL,,2026-07-11,22.452431254521393,114.16494840194254,2026-01-12,ChIJD97HVQAJBDQRP6c2lBj0bgQ,3.6,0.0,29,thai_restaurant,"['thai_restaurant', 'restaurant', 'food', 'point_of_interest', 'establishment']",Pun,食字
泰式燒烤,CHAI RUNG THAI FOOD,九龍城區,Kowloon City,52,九龍九龍城龍崗道1號地下及閣樓,"G/F & C/L., 1 LUNG KONG ROAD, KOWLOON CITY, KOWLOON",3852815330,RL,,2026-07-13,22.328222943420243,114.19019023926602,2026-01-15,ChIJ88PtwSoHBDQRNyCI-VWMrNs,3.9,3.0,140,thai_restaurant,"['thai_restaurant', 'restaurant', 'food', 'point_of_interest', 'establishment']",Standard,標準
新泰東南亞餐廳,SUN THAI RESTAURANT,九龍城區,Kowloon City,52,九龍啟德協調道12號雙子匯1期14樓1404-1405鋪,"SHOP NOS.1404-1405, 14/F, TOWER 1, THE TWINS, 12 CONCORDE ROAD, KAI TAK, KOWLOON",2252810303,RL,#G,2026-08-28,22.332608977929706,114.19993675803973,2025-09-02,ChIJo6Yc8l4HBDQRv879QFtMqos,4.4,0.0,234,restaurant,"['restaurant', 'food', 'point_of_interest', 'establishment']",Standard,標準
潮泰館,潮泰館,東區,Eastern,11,香港北角和富道38-48號 豐昌大廈地下8號舖,"SHOP NO. 8, G/F, FUNG CHEONG BUILDING, NOS. 38-48 WHARF ROAD, NORTH POINT, HONG KONG",3111804899,RR,,2027-02-04,22.29172015682802,114.19604144210348,2026-02-13,ChIJKXYdLQABBDQRFPzBgmtFUxs,4.8,0.0,21,thai_restaurant,"['thai_restaurant', 'restaurant', 'food', 'point_of_interest', 'establishment']",Standard,標準
泰公館,PHAYA ASURA,九龍城區,Kowloon City,52,"九龍九龍城啟德美食海灣, 啟德體育園DC-005號舖","SHOP NO. DC-005, DINING COVE, KAI TAK SPORTS PARK, KAI TAK, KOWLOON CITY, KOWLOON",2252810543,RL,#G,2027-02-15,22.322420122152817,114.19798344839008,2026-02-24,ChIJjVK2SwABBDQRAExb8aBN8pI,4.3,0.0,23,thai_restaurant,"['thai_restaurant', 'restaurant', 'food', 'point_of_interest', 'establishment']",Pun,食字
泰悅餐廳酒吧,Thai Joy restaurant and bar,荃灣區,Tsuen Wan,92,新界荃灣川龍街118號百悅坊5樓,"5/F, OPTIMALL, 118 CHUEN LUNG STREET, TSUEN WAN, NEW TERRITORIES",3892810531,RL,#G,2026-05-05,22.36921419357823,114.11490268564208,2025-11-07,ChIJ75stZAD5AzQR2OBz_mYdVK4,5.0,0.0,1,bar,"['bar', 'point_of_interest', 'establishment']",Standard,標準
泰誇張,THAI ZAB VERR,中西區,Central/Western,18,"香港德輔道西390,390A&392號 同達大廈地下A鋪","SHOP A, G/F, TUNG TAT BUILDING, NOS. 390, 390A & 392 DES VOEUX ROAD WEST, HONG KONG",2218819452,RL,,2026-06-23,22.28674954245419,114.13710292088332,2025-06-26,ChIJ17-WfQD_AzQRT0SBXRuAuEk,4.4,0.0,41,thai_restaurant,"['thai_restaurant', 'restaurant', 'food', 'point_of_interest', 'establishment']",Pun,食字
